"Brand_Pack_Size_PPG","Promotion","Executed_Y_N","Promo_Name","Product_Level","Quadrant","Retailer_Name","Salesforce_ID","Week","Tactic_Type","Actual_Base_Volume","Total_Planned_Vol","Actual_Spend","Random_base","Planned_Base_Vol","PPG","COGS","Base_Price","Total_Planned_Revenue","Lift_Margin","Gross_Contribution","Total_Volume","Actual_Lift_Revenue","Planned_Base_Rev","Random","Random_lift","Actual_Lift","Total_Actual_Revenue","Actual_Uplift","Total_Spend","Planned_Lift_Vol","Tactic_No","Actual_Discount","Planned_Lift_Rev","Random1","ROI","Actual_Base_Revenue","Promo_No","Week_No","Retailer_No"
"Bathkins Sea Salt Almond 2oz","Y","N","Cross Category Price Cut","IC Pouch","#NAME?","Target",,"4/12/15","Specials",17000,15810,0,0.93,15810,10,3.46,5.13,68939.51,0,0.33,17000,0,68939.51,9,0.99,0,74128.5,0,2550,0,11,15,0,3,-1,74128.5,9,15,1
"Bathkins Sea Salt Almond 2oz","Y","Y","Cross Category Price Cut","IC Pouch","#NAME?","Kroger",,"2/15/15","Specials",12000,16656,0,0.98,11760,11,3.46,5.13,68356.22,0.92,0.33,16800,19699.2,48263.04,12,1.02,40,68947.2,4800,3360,4896,25,20,20093.18,8,4.86,49248,21,7,2
"Bathkins Sea Salt Almond 2oz","Y","Y","Cross Category Price Cut","IC Pouch","#NAME?","Kroger",,"2/15/15","TPR",12000,17922,0,1,12000,13,3.46,5.13,68954.9,0.5,0.33,17640,21699.9,46170,15,1.05,47,67869.9,5640,4410,5922,26,25,22784.9,10,3.92,46170,21,7,2
"Bathkins Sea Salt Almond 2oz","Y","N","Cross Category Price Cut","IC Pouch","#NAME?","Target",,"3/29/15","Specials",15000,16200,0,1.08,16200,2,3.46,5.13,70640.1,0,0.33,15000,0,70640.1,9,0.99,0,65407.5,0,2250,0,11,15,0,18,-1,65407.5,9,13,1
"Bathkins Sea Salt Almond 2oz","Y","Y","Cross Category Price Cut","IC Pouch","#NAME?","Kroger",,"2/22/15","TPR",13500,18328.95,0,0.93,12555,3,3.46,5.13,70520.64,0.5,0.33,19845,24412.39,48305.36,1,0.91,47,76353.64,6345,4961.25,5773.95,26,25,22215.27,3,3.92,51941.25,21,8,2
"Bathkins Sea Salt Almond 2oz","Y","Y","Cross Category Price Cut","IC Pouch","#NAME?","Kroger",,"2/22/15","Specials",13000,18304,0,1,13000,15,3.46,5.13,75119.62,0.92,0.33,18200,21340.8,53352,12,1.02,40,74692.8,5200,3640,5304,25,20,21767.62,10,4.86,53352,21,8,2
"Bathkins Sea Salt Almond 2oz","Y","N","Cross Category Price Cut","IC Pouch","#NAME?","Target",,"4/5/15","Specials",16000,17600,0,1.1,17600,8,3.46,5.13,76744.8,0,0.33,16000,0,76744.8,18,1.08,0,69768,0,2400,0,11,15,0,20,-1,69768,9,14,1
"Bathkins Sea Salt Almond 2oz","Y","Y","Cross Category Price Cut","IC Pouch","#NAME?","Kroger",,"3/1/15","TPR",13000,19890,0,1.06,13780,9,3.05,5.13,76526.77,1.02,0.41,19110,23508.23,53018.55,10,1,47,73525.73,6110,4777.5,6110,26,25,23508.23,16,3.92,50017.5,21,9,2
"Bathkins Sea Salt Almond 2oz","Y","Y","Cross Category Price Cut","IC Pouch","#NAME?","Kroger",,"3/1/15","Specials",13750,20487.5,0,1.09,14987.5,6,3.46,5.13,84080.7,0.92,0.33,19250,22572,61508.7,10,1,40,79002,5500,3850,5500,25,20,22572,19,4.86,56430,21,9,2
"Bubble Yum Strwb Lemonade","Y","Y","B2Get3$ Bubble Yum","IC Kids Gum","#NAME?","Publix",,"3/29/15","BOGO",28560,37699.2,0,0.96,27417.6,8,3.49,4.99,103465.45,-0.44,0.3,38841.6,28217.85,75247.6,10,1,36,106600.77,10281.6,17478.72,10281.6,33,45,28217.85,6,0.61,78382.92,27,13,4
"Bubble Yum Strwb Lemonade","Y","Y","B2Get3$ Bubble Yum","IC Kids Gum","#NAME?","Publix",,"3/22/15","BOGO",27592,38507.4,0,1.05,28971.6,7,3.49,4.99,105683.55,-0.44,0.3,37525.12,27261.45,79512.56,6,0.96,36,102987.69,9933.12,16886.3,9535.8,33,45,26170.99,15,0.61,75726.24,27,12,4
"Bubble Yum Strwb Lemonade","Y","Y","B2Get3$ Bubble Yum","IC Kids Gum","#NAME?","Walmart",,"3/22/15","BOGO",27592,34423.78,0,0.92,25384.64,7,3.49,4.99,120242.26,0,0.3,37525.12,34696.39,88668.55,1,0.91,36,131075.24,9933.12,11257.54,9039.14,41,30,31573.71,2,2.08,96378.86,34,12,5
"Bubble Yum Strwb Lemonade","Y","Y","B2Get3$ Bubble Yum","IC Kids Gum","#NAME?","Target",,"2/8/15","BOGO",27794,51819.13,0,1.1,30573.4,5,3.49,4.99,142217.61,-0.73,0.3,49473.32,59498.89,83908.7,8,0.98,78,135779.53,21679.32,22262.99,21245.73,5,45,58308.92,20,1.67,76280.63,4,6,1
"Bubble Yum Strwb Lemonade","Y","Y","B2Get3$ Bubble Yum","IC Kids Gum","#NAME?","Target",,"2/15/15","Merchandising",25864,36300.12,50000,0.91,23536.24,5,3.49,4.99,181137.62,0.36,0.3,38020.08,60658.84,117445.84,15,1.05,47,189720.2,12156.08,50000,12763.88,6,0,63691.78,1,0.21,129061.36,4,7,1
"Bubble Yum Strwb Lemonade","Y","Y","B2Get3$ Bubble Yum","IC Kids Gum","#NAME?","Target",,"2/22/15","Merchandising",28690,39979.52,50000,0.9,25821,5,3.49,4.99,199497.78,0.4,0.3,42174.3,67286.66,128846.79,15,1.05,47,210449.76,13484.3,50000,14158.52,6,0,70650.99,0,0.35,143163.1,4,8,1
"Bubble Yum Strwb Lemonade","Y","Y","B2Get3$ Bubble Yum","IC Kids Gum","#NAME?","Target",,"3/1/15","Merchandising",28679,42510.88,50000,0.97,27818.63,5,3.49,4.99,212129.3,0.4,0.3,42158.13,67260.86,138814.96,19,1.09,47,210369.07,13479.13,50000,14692.25,6,0,73314.34,7,0.35,143108.21,4,9,1
"Bubble Yum Strwb Lemonade","Y","Y","B2Get3$ Bubble Yum","IC Kids Gum","#NAME?","Target",,"3/15/15","BOGO",27857,52872.59,0,1.04,28971.28,5,3.49,4.99,145108.81,-0.73,0.3,49585.46,59633.76,79511.68,20,1.1,78,136087.3,21728.46,22313.46,23901.31,5,45,65597.13,14,1.67,76453.54,4,11,1
"Bubble Yum Strwb Lemonade","Y","Y","B2Get3$ Bubble Yum","IC Kids Gum","#NAME?","Target",,"3/15/15","Merchandising",27857,38919.01,50000,0.96,26742.72,5,3.49,4.99,194205.88,0.39,0.3,40949.79,65333.02,133446.17,3,0.93,47,204339.45,13092.79,50000,12176.29,6,0,60759.71,6,0.31,139006.43,4,11,1
"Bubble Yum Strwb Lemonade","Y","Y","B2Get3$ Bubble Yum","IC Kids Gum","#NAME?","Walmart",,"3/1/15","BOGO",28679,39404.95,0,1.05,30112.95,5,3.49,4.99,137641.48,0,0.3,39003.44,36063.27,105184.53,0,0.9,36,136239.02,10324.44,11701.03,9292,41,30,32456.94,15,2.08,100175.75,34,9,5
"Bubble Yum Strwb Lemonade","Y","Y","B2Get3$ Bubble Yum","IC Kids Gum","#NAME?","Walmart",,"3/8/15","BOGO",28407,41621.94,0,1.08,30679.56,5,3.49,4.99,145385.42,0,0.3,38633.52,35721.23,107163.7,17,1.07,36,134946.89,10226.52,11590.06,10942.38,41,30,38221.72,18,2.08,99225.65,34,10,5
"Bubble Yum Strwb Lemonade","Y","Y","B2Get3$ Bubble Yum","IC Kids Gum","#NAME?","Walmart",,"3/15/15","BOGO",27857,37863.23,0,1.01,28135.57,5,3.49,4.99,132256.28,0,0.3,37885.52,35029.62,98277.55,7,0.97,36,132334.12,10028.52,11365.66,9727.66,41,30,33978.73,11,2.08,97304.5,34,11,5
"Bubble Yum Strwb Lemonade","Y","Y","B2Get3$ Bubble Yum","IC Kids Gum","#NAME?","Target",,"2/8/15","Merchandising",27794,37719.24,50000,0.92,25570.48,6,3.49,4.99,188218.99,0.39,0.3,40857.18,65185.27,127596.7,3,0.93,47,203877.33,13063.18,50000,12148.76,6,0,60622.3,2,0.3,138692.06,4,6,1
"Bubble Yum Strwb Lemonade","Y","Y","B2Get3$ Bubble Yum","IC Kids Gum","#NAME?","Target",,"2/15/15","BOGO",25864,46813.84,0,1.03,26639.92,4,3.49,4.99,128480.58,-0.73,0.3,46037.92,55367.32,73113.26,10,1,78,126351.07,20173.92,20717.06,20173.92,5,45,55367.32,13,1.67,70983.75,4,7,1
"Bubble Yum Strwb Lemonade","Y","Y","B2Get3$ Bubble Yum","IC Kids Gum","#NAME?","Target",,"2/22/15","BOGO",28690,49788.63,0,1.01,28976.9,4,3.49,4.99,136644.88,-0.73,0.3,51068.2,61416.97,79527.1,3,0.93,78,140156.67,22378.2,22980.69,20811.73,5,45,57117.78,11,1.67,78739.71,4,8,1
"Bubble Yum Strwb Lemonade","Y","Y","B2Get3$ Bubble Yum","IC Kids Gum","#NAME?","Target",,"3/1/15","BOGO",28679,55643,0,1.09,31260.11,4,3.49,4.99,152712.2,-0.73,0.3,51048.62,61393.42,85793.37,19,1.09,78,140102.94,22369.62,22971.88,24382.89,5,45,66918.83,19,1.67,78709.52,4,9,1
"Bubble Yum Strwb Lemonade","Y","Y","B2Get3$ Bubble Yum","IC Kids Gum","#NAME?","Target",,"3/8/15","BOGO",28407,50632.64,0,0.94,26702.58,4,3.49,4.99,138961.27,-0.73,0.3,50564.46,60811.15,73285.23,18,1.08,78,138774.16,22157.46,22754.01,23930.06,5,45,65676.04,4,1.67,77963.01,4,10,1
"Bubble Yum Strwb Lemonade","Y","Y","B2Get3$ Bubble Yum","IC Kids Gum","#NAME?","Target",,"3/8/15","Merchandising",28407,45116,50000,1.09,30963.63,4,3.49,4.99,225128.83,0.4,0.3,41758.29,66622.94,154508.51,16,1.06,47,208373.87,13351.29,50000,14152.37,6,0,70620.31,19,0.33,141750.93,4,10,1
"Bubble Yum Strwb Lemonade","Y","Y","B2Get3$ Bubble Yum","IC Kids Gum","#NAME?","Kroger",,"1/4/15","BOGO",18905,25423.44,0,1.09,20606.45,4,3.49,4.99,95147.24,0.22,0.3,24198.4,19810.55,77119.64,1,0.91,28,90562.51,5293.4,6049.6,4816.99,20,25,18027.6,19,2.27,70751.96,16,1,2
"Bubble Yum Strwb Lemonade","Y","Y","B2Get3$ Bubble Yum","IC Kids Gum","#NAME?","Kroger",,"1/11/15","BOGO",21444,26907.93,0,1,21444,4,3.49,4.99,100702.93,0.22,0.3,27448.32,22471.17,80254.17,1,0.91,28,102725.34,6004.32,6862.08,5463.93,20,25,20448.76,10,2.27,80254.17,16,2,2
"HSY Milk Choc Thank You Bar","Y","Y","MlkChoc GftCrd","IC Giant Bar","#NAME?","Target",,"1/4/15","EDLP",111357,129508.19,0,1.1,122492.7,1,2.87,3.99,490900.8,1.04,0.28,118038.42,25325.92,464308.58,15,1.05,6,447424.63,6681.42,5901.92,7015.49,14,5,26592.22,20,3.29,422098.71,11,1,1
"HSY Milk Choc Thank You Bar","Y","Y","MlkChoc GftCrd","IC Giant Bar","#NAME?","Target",,"1/25/15","EDLP",127035,129347.04,0,0.96,121953.6,1,2.87,3.99,490289.94,1.04,0.28,134657.1,28891.57,462265.12,7,0.97,6,510417.74,7622.1,6732.86,7393.44,14,5,28024.82,6,3.29,481526.17,11,4,1
"HSY Milk Choc Thank You Bar","Y","Y","MlkChoc GftCrd","IC Giant Bar","#NAME?","Target",,"2/15/15","EDLP",118396,135800.21,0,1.09,129051.64,1,2.87,3.99,514750.7,1.04,0.28,125499.76,26926.8,489170.24,5,0.95,6,475706.84,7103.76,6274.99,6748.57,14,5,25580.46,19,3.29,448780.04,11,7,1
"HSY Milk Choc Thank You Bar","Y","Y","MlkChoc GftCrd","IC Giant Bar","#NAME?","Target",,"3/15/15","EDLP",127005,128783.07,0,0.96,121924.8,1,2.87,3.99,488152.23,1.04,0.28,134625.3,28884.75,462155.95,0,0.9,6,510297.2,7620.3,6731.27,6858.27,14,5,25996.27,6,3.29,481412.45,11,11,1
"HSY Milk Choc Thank You Bar","Y","Y","MlkChoc GftCrd","IC Giant Bar","#NAME?","Target",,"3/29/15","EDLP",118283,123511.11,0,0.98,115917.34,1,2.87,3.99,468168.86,1.04,0.28,125379.98,26901.1,439384.68,17,1.07,6,475252.81,7096.98,6269,7593.77,14,5,28784.18,8,3.29,448351.71,11,13,1
"HSY Milk Choc Thank You Bar","Y","Y","MlkChoc GftCrd","IC Giant Bar","#NAME?","Target",,"4/19/15","EDLP",109116,105580.64,0,0.91,99295.56,1,2.87,3.99,400203.42,1.04,0.28,115662.96,24816.25,376379.82,6,0.96,6,438420.45,6546.96,5783.15,6285.08,14,5,23823.6,1,3.29,413604.2,11,16,1
"HSY Milk Choc Thank You Bar","Y","Y","MlkChoc GftCrd","IC Giant Bar","#NAME?","Target",,"5/10/15","EDLP",106209,111392,0,0.99,105146.91,1,2.87,3.99,422231.37,1.04,0.28,112581.54,24155.11,398559.36,8,0.98,6,426740.33,6372.54,5629.08,6245.09,14,5,23672.01,9,3.29,402585.21,11,19,1
"HSY Milk Choc Thank You Bar","Y","Y","MlkChoc GftCrd","IC Giant Bar","#NAME?","Target",,"5/31/15","EDLP",105946,119528.28,0,1.07,113362.22,1,2.87,3.99,453071.93,1.04,0.28,112302.76,24095.3,429699.49,7,0.97,6,425683.61,6356.76,5615.14,6166.06,14,5,23372.44,17,3.29,401588.31,11,22,1
"HSY Milk Choc Thank You Bar","Y","Y","MlkChoc GftCrd","IC Giant Bar","#NAME?","Kroger",,"1/4/15","EDLP",111357,126891.3,0,1.09,121379.13,1,2.87,3.99,480981.48,0.88,0.28,116924.85,21104.94,460087.59,9,0.99,5,443203.64,5567.85,5846.24,5512.17,27,5,20893.89,19,2.61,422098.71,22,1,2
"HSY Milk Choc Thank You Bar","Y","Y","MlkChoc GftCrd","IC Giant Bar","#NAME?","Kroger",,"1/25/15","EDLP",127035,123986.16,0,0.93,118142.55,1,2.87,3.99,469969.54,0.88,0.28,133386.75,24076.31,447819.34,2,0.92,5,505602.48,6351.75,6669.34,5843.61,27,5,22150.2,3,2.61,481526.17,22,4,2
"HSY Milk Choc Thank You Bar","Y","Y","MlkChoc GftCrd","IC Giant Bar","#NAME?","Kroger",,"2/15/15","EDLP",118396,125203.77,0,1.01,119579.96,1,2.87,3.99,474584.89,0.88,0.28,124315.8,22439,453267.84,5,0.95,5,471219.04,5919.8,6215.79,5623.81,27,5,21317.05,11,2.61,448780.04,22,7,2
"HSY Milk Choc Thank You Bar","Y","Y","MlkChoc GftCrd","IC Giant Bar","#NAME?","Kroger",,"3/1/15","EDLP",128630,148567.65,0,1.1,141493,1,2.87,3.99,563145.68,0.88,0.28,135061.5,24378.6,536329.22,20,1.1,5,511950.62,6431.5,6753.08,7074.65,27,5,26816.46,20,2.61,487572.02,22,9,2
"HSY Milk Choc Thank You Bar","Y","Y","MlkChoc GftCrd","IC Giant Bar","#NAME?","Kroger",,"3/22/15","EDLP",119759,133172.01,0,1.06,126944.54,1,2.87,3.99,504788.5,0.88,0.28,125746.95,22697.32,481183.28,14,1.04,5,476643.81,5987.95,6287.35,6227.47,27,5,23605.22,16,2.61,453946.49,22,12,2
"HSY Milk Choc Thank You Bar","Y","Y","MlkChoc GftCrd","IC Giant Bar","#NAME?","Kroger",,"4/12/15","EDLP",110591,105061.45,0,0.9,99531.9,1,2.87,3.99,398235.43,0.88,0.28,116120.55,20959.76,377275.67,10,1,5,440154.94,5529.55,5806.03,5529.55,27,5,20959.76,0,2.61,419195.19,22,15,2
"HSY Milk Choc Thank You Bar","Y","Y","MlkChoc GftCrd","IC Giant Bar","#NAME?","Kroger",,"5/3/15","EDLP",107013,103909.62,0,0.92,98451.96,1,2.87,3.99,393869.43,0.88,0.28,112363.65,20281.64,373182.15,12,1.02,5,425914.42,5350.65,5618.18,5457.66,27,5,20687.27,2,2.61,405632.78,22,18,2
"HSY Milk Choc Thank You Bar","Y","Y","MlkChoc GftCrd","IC Giant Bar","#NAME?","Kroger",,"5/24/15","EDLP",107559,116163.72,0,1.03,110785.77,1,2.87,3.99,440318.58,0.88,0.28,112936.95,20385.12,419933.46,10,1,5,428087.51,5377.95,5646.85,5377.95,27,5,20385.12,13,2.61,407702.39,22,21,2
"HSY Milk Choc Thank You Bar","Y","Y","MlkChoc GftCrd","IC Giant Bar","#NAME?","Kroger",,"6/14/15","EDLP",106317,100522.72,0,0.9,95685.3,1,2.87,3.99,381031.38,0.88,0.28,111632.85,20149.73,362695.13,1,0.91,5,423144.32,5315.85,5581.64,4837.42,27,5,18336.25,0,2.61,402994.59,22,24,2
"HSY Milk Choc Thank You Bar","Y","Y","HiChoc Price Cut","IC Giant Bar","#NAME?","Target",,"6/14/15","TPR",106317,148546.11,0,0.95,101001.15,1,2.87,3.99,414889.29,-0.08,0.28,152033.31,127685.65,282096.21,14,1.04,43,424629.03,45716.31,45609.99,47544.96,8,30,132793.08,5,1.8,296943.38,6,24,1
"HSY Milk Choc Thank You Bar","Y","Y","HiChoc Price Cut","IC Giant Bar","#NAME?","Kroger",,"3/15/15","TPR",127005,177552.99,0,1.02,129545.1,1,2.87,3.99,602170.97,0.9,0.28,171456.75,150758.11,439352.21,18,1.08,35,581495.57,44451.75,25718.51,48007.89,22,15,162818.76,12,4.86,430737.46,18,11,2
"HSY Milk Choc Thank You Bar","Y","Y","HiChoc Price Cut","IC Giant Bar","#NAME?","Publix",,"3/15/15","TPR",127005,213393.8,0,0.97,123194.85,1,2.87,3.99,681153.01,0.65,0.28,212098.35,271617.97,393237.96,16,1.06,67,677017.93,85093.35,42419.67,90198.95,35,20,287915.05,7,5.4,405399.96,29,11,4
"HSY Milk Choc Thank You Bar","Y","Y","HiChoc Price Cut","IC Giant Bar","#NAME?","Walmart",,"4/26/15","TPR",107745,151877.35,0,1.09,117442.05,1,2.87,3.99,515092.04,0.88,0.28,144378.3,124241.84,398304.71,4,0.94,34,489659,36633.3,21656.75,34435.3,43,15,116787.33,19,4.74,365417.17,36,17,5
"HSY Milk Choc Thank You Bar","Y","Y","HiChoc Price Cut","IC Giant Bar","#NAME?","Walmart",,"5/17/15","TPR",107298,143822.24,0,0.98,105152.04,1,2.87,3.99,487773.12,0.88,0.28,143779.32,123726.4,356623.14,16,1.06,34,487627.56,36481.32,21566.9,38670.2,43,15,131149.98,8,4.74,363901.17,36,20,5
"HSY Sp Dark GiftCard Bar","Y","Y","Chocolate Coupon","IC Giant Bar","#NAME?","Walmart",,"1/25/15","Coupon",22500,24570,0,0.91,20475,2,3.05,4.29,84324.24,0.32,0.29,27000,15444,70270.2,1,0.91,20,92664,4500,5400,4095,42,20,14054.04,1,1.86,77220,35,4,5
"HSY Sp Dark GiftCard Bar","Y","Y","Chocolate Coupon","IC Giant Bar","#NAME?","Target",,"5/3/15","Coupon",27000,31401,0,1.03,27810,3,3.05,4.29,107768.23,0.23,0.29,30780,12972.96,95443.92,5,0.95,14,105636.96,3780,6156,3591,7,20,12324.31,13,1.11,92664,5,18,1
"HSY Sp Dark GiftCard Bar","Y","Y","Chocolate Coupon","IC Giant Bar","#NAME?","Kroger",,"6/14/15","Coupon",27500,31702,0,0.98,26950,3,3.05,4.29,108801.26,0.29,0.29,32450,16988.4,92492.4,6,0.96,18,111368.4,4950,6490,4752,21,20,16308.86,8,1.62,94380,17,24,2
"HSY Sp Dark GiftCard Bar","Y","Y","Chocolate Coupon","IC Giant Bar","#NAME?","Walmart",,"2/1/15","Coupon",24000,29952,0,1.05,25200,3,3.05,4.29,102795.26,0.32,0.29,28800,16473.6,86486.4,9,0.99,20,98841.6,4800,5760,4752,42,20,16308.86,15,1.86,82368,35,5,5
"HSY Sp Dark GiftCard Bar","Y","Y","Chocolate Coupon","IC Giant Bar","#NAME?","Walmart",,"2/22/15","Coupon",26000,30472,0,0.99,25740,3,3.05,4.29,104579.9,0.32,0.29,31200,17846.4,88339.68,1,0.91,20,107078.4,5200,6240,4732,42,20,16240.22,9,1.86,89232,35,8,5
"HSY Sp Dark GiftCard Bar","Y","Y","HiChoc GftCrd","IC Giant Bar","#NAME?","Target",,"1/11/15","EDLP",118170,122424.12,0,0.97,114624.9,2,2.87,3.99,464048.63,1.04,0.28,125260.2,26875.4,434485.68,20,1.1,6,474798.79,7090.2,6263.01,7799.22,14,5,29562.94,7,3.29,447923.39,11,2,1
"HSY Sp Dark GiftCard Bar","Y","Y","HiChoc GftCrd","IC Giant Bar","#NAME?","Target",,"2/1/15","EDLP",127496,133360.82,0,0.98,124946.08,2,2.87,3.99,505504.17,1.04,0.28,135145.76,28996.42,473608.12,20,1.1,6,512270,7649.76,6757.29,8414.74,14,5,31896.06,8,3.29,483273.59,11,5,1
"HSY Sp Dark GiftCard Bar","Y","Y","HiChoc GftCrd","IC Giant Bar","#NAME?","Target",,"2/22/15","EDLP",123634,121458.04,0,0.92,113743.28,2,2.87,3.99,460386.71,1.04,0.28,131052.04,28118.08,431143.9,14,1.04,6,496752.76,7418.04,6552.6,7714.76,14,5,29242.8,2,3.29,468634.68,11,8,1
"HSY Sp Dark GiftCard Bar","Y","Y","HiChoc GftCrd","IC Giant Bar","#NAME?","Target",,"3/22/15","EDLP",119759,119064.4,0,0.93,111375.87,2,2.87,3.99,451313.6,1.04,0.28,126944.54,27236.79,422170.24,17,1.07,6,481183.28,7185.54,6347.23,7688.53,14,5,29143.36,3,3.29,453946.49,11,12,1
"HSY Sp Dark GiftCard Bar","Y","Y","HiChoc GftCrd","IC Giant Bar","#NAME?","Target",,"4/5/15","EDLP",109847,108550.81,0,0.93,102157.71,2,2.87,3.99,411461.83,1.04,0.28,116437.82,24982.5,387228.8,7,0.97,6,441357.56,6590.82,5821.89,6393.1,14,5,24233.03,3,3.29,416375.05,11,14,1
"HSY Sp Dark GiftCard Bar","Y","Y","HiChoc GftCrd","IC Giant Bar","#NAME?","Target",,"4/26/15","EDLP",107745,120739.05,0,1.06,114209.7,2,2.87,3.99,457661.36,1.04,0.28,114209.7,24504.45,432911.87,11,1.01,6,432911.87,6464.7,5710.49,6529.35,14,5,24749.49,16,3.29,408407.42,11,17,1
"HSY Sp Dark GiftCard Bar","Y","Y","HiChoc GftCrd","IC Giant Bar","#NAME?","Target",,"5/17/15","EDLP",107298,109379.58,0,0.96,103006.08,2,2.87,3.99,414603.3,1.04,0.28,113735.88,24402.78,390444.55,9,0.99,6,431115.85,6437.88,5686.79,6373.5,14,5,24158.76,6,3.29,406713.07,11,20,1
"HSY Sp Dark GiftCard Bar","Y","Y","HiChoc GftCrd","IC Giant Bar","#NAME?","Target",,"6/7/15","EDLP",106691,119003.14,0,1.05,112025.55,2,2.87,3.99,451081.41,1.04,0.28,113092.46,24264.73,424632.85,19,1.09,6,428676.97,6401.46,5654.62,6977.59,14,5,26448.56,15,3.29,404412.24,11,23,1
"HSY Sp Dark GiftCard Bar","Y","Y","HiChoc GftCrd","IC Giant Bar","#NAME?","Target",,"6/14/15","EDLP",106317,120457.16,0,1.07,113759.19,2,2.87,3.99,456592.87,1.04,0.28,112696.02,24179.68,431204.21,15,1.05,6,427174.26,6379.02,5634.8,6697.97,14,5,25388.66,17,3.29,402994.59,11,24,1
"HSY Sp Dark GiftCard Bar","Y","Y","HiChoc GftCrd","IC Giant Bar","#NAME?","Kroger",,"1/11/15","EDLP",118170,134122.95,0,1.08,127623.6,2,2.87,3.99,508393.04,0.88,0.28,124078.5,22396.17,483757.26,20,1.1,5,470319.55,5908.5,6203.93,6499.35,27,5,24635.79,18,2.61,447923.39,22,2,2
"HSY Sp Dark GiftCard Bar","Y","Y","HiChoc GftCrd","IC Giant Bar","#NAME?","Kroger",,"2/1/15","EDLP",127496,127559.75,0,0.95,121121.2,2,2.87,3.99,483515.22,0.88,0.28,133870.8,24163.68,459109.91,11,1.01,5,507437.27,6374.8,6693.54,6438.55,27,5,24405.32,5,2.61,483273.59,22,5,2
"HSY Sp Dark GiftCard Bar","Y","Y","HiChoc GftCrd","IC Giant Bar","#NAME?","Kroger",,"2/22/15","EDLP",123634,124561.26,0,0.96,118688.64,2,2.87,3.99,472149.44,0.88,0.28,129815.7,23431.73,449889.29,5,0.95,5,492066.41,6181.7,6490.79,5872.62,27,5,22260.15,6,2.61,468634.68,22,8,2
"HSY Sp Dark GiftCard Bar","Y","Y","HiChoc GftCrd","IC Giant Bar","#NAME?","Kroger",,"3/15/15","EDLP",127005,139514.99,0,1.05,133355.25,2,2.87,3.99,528831.58,0.88,0.28,133355.25,24070.62,505483.08,7,0.97,5,505483.08,6350.25,6667.76,6159.74,27,5,23348.5,15,2.61,481412.45,22,11,2
"HSY Sp Dark GiftCard Bar","Y","Y","HiChoc GftCrd","IC Giant Bar","#NAME?","Kroger",,"3/29/15","EDLP",118283,133068.38,0,1.08,127745.64,2,2.87,3.99,504395.68,0.88,0.28,124197.15,22417.59,484219.85,0,0.9,5,470769.3,5914.15,6209.86,5322.74,27,5,20175.83,18,2.61,448351.71,22,13,2
"HSY Sp Dark GiftCard Bar","Y","Y","HiChoc GftCrd","IC Giant Bar","#NAME?","Kroger",,"4/19/15","EDLP",109116,119318.35,0,1.04,113480.64,2,2.87,3.99,452276.19,0.88,0.28,114571.8,20680.21,430148.37,17,1.07,5,434284.41,5455.8,5728.59,5837.71,27,5,22127.82,14,2.61,413604.2,22,16,2
"HSY Sp Dark GiftCard Bar","Y","Y","HiChoc GftCrd","IC Giant Bar","#NAME?","Kroger",,"5/10/15","EDLP",106209,119750.65,0,1.08,114705.72,2,2.87,3.99,453914.83,0.88,0.28,111519.45,20129.26,434792.03,5,0.95,5,422714.48,5310.45,5575.97,5044.93,27,5,19122.8,18,2.61,402585.21,22,19,2
"HSY Sp Dark GiftCard Bar","Y","Y","HiChoc GftCrd","IC Giant Bar","#NAME?","Kroger",,"5/31/15","EDLP",105946,115428.17,0,1.04,110183.84,2,2.87,3.99,437530.47,0.88,0.28,111243.3,20079.42,417651.85,9,0.99,5,421667.73,5297.3,5562.17,5244.33,27,5,19878.62,14,2.61,401588.31,22,22,2
"HSY Sp Dark GiftCard Bar","Y","Y","HiChoc GftCrd","IC Giant Bar","#NAME?","Kroger",,"6/21/15","EDLP",109118,107426.67,0,0.93,101479.74,2,2.87,3.99,407200.8,0.88,0.28,114573.9,20680.59,384658.95,19,1.09,5,434292.37,5455.9,5728.7,5946.93,27,5,22541.84,3,2.61,413611.78,22,25,2
"HSY Sp Dark GiftCard Bar","Y","Y","HiChoc GftCrd","IC Giant Bar","#NAME?","Target",,"1/18/15","EDLP",121970,117457.11,0,0.9,109773,3,2.87,3.99,445221.18,1.04,0.28,129288.2,27739.64,416094.56,15,1.05,6,490066.92,7318.2,6464.41,7684.11,14,5,29126.62,0,3.29,462327.29,11,3,1
"HSY Sp Dark GiftCard Bar","Y","Y","HiChoc GftCrd","IC Giant Bar","#NAME?","Target",,"2/8/15","EDLP",121673,123668.44,0,0.96,116806.08,3,2.87,3.99,468765.21,1.04,0.28,128973.38,27672.09,442753.45,4,0.94,6,488873.6,7300.38,6448.67,6862.36,14,5,26011.76,6,3.29,461201.51,11,6,1
"HSY Sp Dark GiftCard Bar","Y","Y","HiChoc GftCrd","IC Giant Bar","#NAME?","Target",,"3/1/15","EDLP",128630,148516.2,0,1.1,141493,3,2.87,3.99,562950.65,1.04,0.28,136347.8,29254.32,536329.22,1,0.91,6,516826.34,7717.8,6817.39,7023.2,14,5,26621.43,20,3.29,487572.02,11,9,1
"HSY Sp Dark GiftCard Bar","Y","Y","HiChoc GftCrd","IC Giant Bar","#NAME?","Target",,"3/8/15","EDLP",118283,115444.21,0,0.91,107637.53,3,2.87,3.99,437591.27,1.04,0.28,125379.98,26901.1,408000.06,20,1.1,6,475252.81,7096.98,6269,7806.68,14,5,29591.21,1,3.29,448351.71,11,13,1
"HSY Sp Dark GiftCard Bar","Y","Y","HiChoc GftCrd","IC Giant Bar","#NAME?","Target",,"4/12/15","EDLP",110591,114373.21,0,0.97,107273.27,3,2.87,3.99,433531.66,1.04,0.28,117226.46,25151.71,406619.33,17,1.07,6,444346.9,6635.46,5861.32,7099.94,14,5,26912.33,7,3.29,419195.19,11,15,1
"HSY Sp Dark GiftCard Bar","Y","Y","HiChoc GftCrd","IC Giant Bar","#NAME?","Target",,"5/3/15","EDLP",107013,121737.99,0,1.08,115574.04,3,2.87,3.99,461447.85,1.04,0.28,113433.78,24337.97,438083.4,6,0.96,6,429970.74,6420.78,5671.69,6163.95,14,5,23364.45,18,3.29,405632.78,11,18,1
"HSY Sp Dark GiftCard Bar","Y","Y","HiChoc GftCrd","IC Giant Bar","#NAME?","Target",,"5/24/15","EDLP",107559,105924.1,0,0.92,98954.28,3,2.87,3.99,401505.31,1.04,0.28,114012.54,24462.14,375086.2,18,1.08,6,432164.53,6453.54,5700.63,6969.82,14,5,26419.11,2,3.29,407702.39,11,21,1
"HSY Sp Dark GiftCard Bar","Y","Y","HiChoc GftCrd","IC Giant Bar","#NAME?","Target",,"6/21/15","EDLP",109118,123237.87,0,1.07,116756.26,3,2.87,3.99,467133.14,1.04,0.28,115665.08,24816.71,442564.6,9,0.99,6,438428.49,6547.08,5783.25,6481.61,14,5,24568.54,17,3.29,413611.78,11,25,1
"HSY Sp Dark GiftCard Bar","Y","Y","HiChoc GftCrd","IC Giant Bar","#NAME?","Kroger",,"1/18/15","EDLP",121970,130507.9,0,1.02,124409.4,3,2.87,3.99,494690.2,0.88,0.28,128068.5,23116.36,471573.83,10,1,5,485443.65,6098.5,6403.43,6098.5,27,5,23116.36,12,2.61,462327.29,22,3,2
"HSY Sp Dark GiftCard Bar","Y","Y","HiChoc GftCrd","IC Giant Bar","#NAME?","Kroger",,"2/8/15","EDLP",121673,126114.06,0,0.99,120456.27,3,2.87,3.99,478035.36,0.88,0.28,127756.65,23060.08,456589.49,3,0.93,5,484261.58,6083.65,6387.83,5657.79,27,5,21445.87,9,2.61,461201.51,22,6,2
"HSY Sp Dark GiftCard Bar","Y","Y","HiChoc GftCrd","IC Giant Bar","#NAME?","Kroger",,"3/8/15","EDLP",131524,151186.84,0,1.1,144676.4,3,2.87,3.99,573073.71,0.88,0.28,138100.2,24927.09,548395.89,9,0.99,5,523468.81,6576.2,6905.01,6510.44,27,5,24677.82,20,2.61,498541.72,22,10,2
"HSY Sp Dark GiftCard Bar","Y","Y","HiChoc GftCrd","IC Giant Bar","#NAME?","Kroger",,"4/5/15","EDLP",109847,120282.47,0,1.04,114240.88,3,2.87,3.99,455930.68,0.88,0.28,115339.35,20818.75,433030.06,20,1.1,5,437193.81,5492.35,5766.97,6041.59,27,5,22900.63,14,2.61,416375.05,22,14,2
"HSY Sp Dark GiftCard Bar","Y","Y","HiChoc GftCrd","IC Giant Bar","#NAME?","Kroger",,"4/26/15","EDLP",107745,119866.31,0,1.06,114209.7,3,2.87,3.99,454353.26,0.88,0.28,113132.25,20420.37,432911.87,15,1.05,5,428827.79,5387.25,5656.61,5656.61,27,5,21441.39,16,2.61,408407.42,22,17,2
"HSY Sp Dark GiftCard Bar","Y","Y","HiChoc GftCrd","IC Giant Bar","#NAME?","Kroger",,"5/17/15","EDLP",107298,113092.09,0,1,107298,3,2.87,3.99,428675.57,0.88,0.28,112662.9,20335.65,406713.07,18,1.08,5,427048.72,5364.9,5633.15,5794.09,27,5,21962.51,10,2.61,406713.07,22,20,2
"HSY Sp Dark GiftCard Bar","Y","Y","HiChoc GftCrd","IC Giant Bar","#NAME?","Kroger",,"6/7/15","EDLP",106691,110691.91,0,0.99,105624.09,3,2.87,3.99,419577.69,0.88,0.28,112025.55,20220.61,400368.11,5,0.95,5,424632.85,5334.55,5601.28,5067.82,27,5,19209.58,9,2.61,404412.24,22,23,2
"HSY Sp Dark GiftCard Bar","Y","Y","HiChoc Price Cut","IC Giant Bar","#NAME?","Target",,"5/31/15","TPR",105946,164375.22,0,1.1,116540.6,2,2.87,3.99,459099.99,-0.08,0.28,151502.78,127240.09,325497.9,15,1.05,43,423147.26,45556.78,45450.83,47834.62,8,30,133602.09,20,1.8,295907.18,6,22,1
"HSY Sp Dark GiftCard Bar","Y","Y","HiChoc Price Cut","IC Giant Bar","#NAME?","Kroger",,"3/8/15","TPR",131524,161182.66,0,0.9,118371.6,2,2.87,3.99,546651,0.9,0.28,177557.4,156122.28,401457.28,3,0.93,35,602185.92,46033.4,26633.61,42811.06,22,15,145193.72,0,4.86,446063.65,18,10,2
"HSY Sp Dark GiftCard Bar","Y","Y","HiChoc Price Cut","IC Giant Bar","#NAME?","Publix",,"3/22/15","TPR",119759,206404.64,0,1.02,122154.18,2,2.87,3.99,658843.6,0.65,0.28,199997.53,256121.39,389916.14,15,1.05,67,638392.12,80238.53,39999.51,84250.46,35,20,268927.46,12,5.4,382270.73,29,12,4
"HSY Sp Dark GiftCard Bar","Y","Y","HiChoc Price Cut","IC Giant Bar","#NAME?","Walmart",,"5/3/15","TPR",107013,142027.65,0,0.96,102732.48,2,2.87,3.99,481686.79,0.88,0.28,143397.42,123397.76,348417.21,18,1.08,34,486332.35,36384.42,21509.61,39295.17,43,15,133269.58,6,4.74,362934.59,36,18,5
"HSY Sp Dark GiftCard Bar","Y","Y","HiChoc Price Cut","IC Giant Bar","#NAME?","Walmart",,"5/24/15","TPR",107559,149463.99,0,1.07,115088.13,2,2.87,3.99,506907.11,0.88,0.28,144129.06,124027.36,390321.39,4,0.94,34,488813.71,36570.06,21619.36,34375.86,43,15,116585.72,17,4.74,364786.35,36,21,5
"HSY Sp Dark GiftCard Bar","Y","Y","HiChoc Price Cut","IC Giant Bar","#NAME?","Target",,"6/7/15","TPR",106691,144939.72,0,0.95,101356.45,3,2.87,3.99,404816.65,-0.08,0.28,152568.13,128134.82,283088.56,5,0.95,43,426122.79,45877.13,45770.44,43583.27,8,30,121728.08,5,1.8,297987.96,6,23,1
"HSY Sp Dark GiftCard Bar","Y","Y","HiChoc Price Cut","IC Giant Bar","#NAME?","Kroger",,"3/1/15","TPR",128630,158986.68,0,0.9,115767,3,2.87,3.99,539203.33,0.9,0.28,173650.5,152687.03,392623.78,6,0.96,35,588935.67,45020.5,26047.58,43219.68,22,15,146579.54,0,4.86,436248.65,18,9,2
"HSY Sp Dark GiftCard Bar","Y","Y","HiChoc Price Cut","IC Giant Bar","#NAME?","Kroger",,"3/22/15","TPR",119759,153411.28,0,0.91,108980.69,3,2.87,3.99,520294.35,0.9,0.28,161674.65,142156.93,369608.01,16,1.06,35,548319.58,41915.65,24251.2,44430.59,22,15,150686.34,1,4.86,406162.65,18,12,2
"HSY Sp Dark GiftCard Bar","Y","Y","HiChoc Price Cut","IC Giant Bar","#NAME?","Publix",,"3/8/15","TPR",118283,214920.21,0,1.08,127745.64,3,2.87,3.99,686025.31,0.65,0.28,197532.61,252964.76,407764.08,20,1.1,67,630524.09,79249.61,39506.52,87174.57,35,20,278261.23,18,5.4,377559.34,29,13,4
"HSY Sp Dark GiftCard Bar","Y","Y","HiChoc Price Cut","IC Giant Bar","#NAME?","Walmart",,"5/10/15","TPR",106209,138496.54,0,0.93,98774.37,3,2.87,3.99,469711,0.88,0.28,142320.06,122470.66,334993.28,20,1.1,34,482678.48,36111.06,21348.01,39722.17,43,15,134717.73,3,4.74,360207.82,36,19,5
"HSY Sp Dark GiftCard Bar","Y","Y","HiChoc Price Cut","IC Giant Bar","#NAME?","Walmart",,"5/31/15","TPR",105946,134593.8,0,0.91,96410.86,3,2.87,3.99,456474.87,0.88,0.28,141967.64,122167.39,326977.43,16,1.06,34,481483.25,36021.64,21295.15,38182.94,43,15,129497.44,1,4.74,359315.86,36,22,5
"HYS Kit Kat Thanks You Bar","Y","N","2/7$ Kit Kat","IC XL Bar","#NAME?","Target",,"3/1/15","Merchandising",28679,30399.74,70000,1.06,30399.74,8,3.49,4.99,151694.7,0,0.3,28679,0,151694.7,19,1.09,0,143108.21,0,70000,0,13,0,0,16,-1,143108.21,10,9,1
"HYS Kit Kat Thanks You Bar","Y","Y","2/7$ Kit Kat","IC XL Bar","#NAME?","Target",,"3/1/15","BOGO",28679,37248.29,0,0.94,26958.26,7,3.49,4.99,120814.81,-0.2,0.3,39863.81,36277.93,87439.12,2,0.92,39,129298.27,11184.81,13952.33,10290.03,12,35,33375.7,4,1.6,93020.34,10,9,1
"HYS Kit Kat Thanks You Bar","Y","Y","2/7$ Kit Kat","IC XL Bar","#NAME?","Target",,"3/8/15","BOGO",28407,37531.33,0,0.9,25566.3,7,3.49,4.99,121732.86,-0.2,0.3,39485.73,35933.86,82924.29,18,1.08,39,128071.97,11078.73,13820.01,11965.03,12,35,38808.57,0,1.6,92138.1,10,10,1
"HYS Kit Kat Thanks You Bar","Y","N","2/7$ Kit Kat","IC XL Bar","#NAME?","Target",,"3/8/15","Merchandising",28407,29543.28,70000,1.04,29543.28,7,3.49,4.99,147420.97,0,0.3,28407,0,147420.97,15,1.05,0,141750.93,0,70000,0,13,0,0,14,-1,141750.93,10,10,1
"HYS Kit Kat Thanks You Bar","Y","Y","2/7$ Kit Kat","IC XL Bar","#NAME?","Target",,"3/15/15","BOGO",27857,39930.22,0,1.02,28414.14,7,3.49,4.99,129513.68,-0.2,0.3,38721.23,35238.13,92161.26,16,1.06,39,125592.31,10864.23,13552.43,11516.08,12,35,37352.42,12,1.6,90354.18,10,11,1
"HYS Kit Kat Thanks You Bar","Y","N","2/7$ Kit Kat","IC XL Bar","#NAME?","Target",,"3/15/15","Merchandising",27857,29528.42,70000,1.06,29528.42,7,3.49,4.99,147346.82,0,0.3,27857,0,147346.82,17,1.07,0,139006.43,0,70000,0,13,0,0,16,-1,139006.43,10,11,1
"HYS Kit Kat Thanks You Bar","Y","Y","2/7$ Kit Kat","IC XL Bar","#NAME?","Kroger",,"4/12/15","BOGO",22599,33984.38,0,1.03,23276.97,7,3.49,4.99,110228.32,-0.22,0.3,32994.54,33717.93,75498.85,13,1.03,46,107017.79,10395.54,11548.09,10707.41,28,35,34729.47,13,1.92,73299.86,23,15,2
"HYS Kit Kat Thanks You Bar","Y","Y","2/7$ Kit Kat","IC XL Bar","#NAME?","Kroger",,"4/19/15","BOGO",22593,35416.79,0,1.08,24400.44,7,3.49,4.99,114874.35,-0.22,0.3,32985.78,33708.98,79142.83,16,1.06,46,106989.38,10392.78,11545.02,11016.35,28,35,35731.52,18,1.92,73280.4,23,16,2
"HYS Kit Kat Thanks You Bar","Y","Y","2/7$ Kit Kat","IC XL Bar","#NAME?","Kroger",,"4/26/15","BOGO",22792,30595.98,0,0.91,20740.72,7,3.49,4.99,99238.06,-0.22,0.3,33276.32,34005.89,67272.53,4,0.94,46,107931.74,10484.32,11646.71,9855.26,28,35,31965.54,1,1.92,73925.85,23,17,2
"HYS Kit Kat Thanks You Bar","Y","Y","Display Kit Kat","IC XL Bar","#NAME?","Target","a1S41000000NIcqEAG","1/25/15","Merchandising",28797,36903.36,50000,0.9,25917.3,8,3.49,4.99,184147.74,0.3,0.3,38875.95,50293.96,129327.33,19,1.09,35,193990.99,10078.95,50000,10986.06,1,0,54820.42,0,0.01,143697.03,1,4,1
"HYS Kit Kat Thanks You Bar","Y","Y","Display Kit Kat","IC XL Bar","#NAME?","Kroger","a1S41000000NIcqEAG","2/22/15","Merchandising",28690,41198.84,27000,1.04,29837.6,8,3.49,4.99,205582.21,0.57,0.3,39018.4,51538.72,148889.62,20,1.1,36,194701.82,10328.4,27000,11361.24,16,0,56692.59,14,0.91,143163.1,13,8,2
"HYS Kit Kat Thanks You Bar","Y","Y","Display Kit Kat","IC XL Bar","#NAME?","Kroger","a1S41000000NIcqEAG","2/22/15","TPR",28690,38444.6,0,1,28690,8,3.49,4.99,163062.77,1.27,0.3,38444.6,41374.14,121688.64,10,1,34,163062.77,9754.6,5766.69,9754.6,17,15,41374.14,10,6.17,121688.64,13,8,2
"HYS Kit Kat Thanks You Bar","Y","Y","Display Kit Kat","IC XL Bar","#NAME?","Kroger","a1S41000000NIcqEAG","3/1/15","Merchandising",28679,40701.24,27000,1.07,30686.53,8,3.49,4.99,203099.17,0.57,0.3,39003.44,51518.96,153125.78,7,0.97,36,194627.17,10324.44,27000,10014.71,16,0,49973.39,17,0.91,143108.21,13,9,2
"HYS Kit Kat Thanks You Bar","Y","Y","Display Kit Kat","IC XL Bar","#NAME?","Kroger","a1S41000000NIcqEAG","3/1/15","TPR",28679,36605.88,0,0.95,27245.05,8,3.49,4.99,155263.82,1.27,0.3,38429.86,41358.27,115559.88,6,0.96,34,163000.25,9750.86,5764.48,9360.83,17,15,39703.94,5,6.17,121641.98,13,9,2
"HYS Kit Kat Thanks You Bar","Y","Y","Display Kit Kat","IC XL Bar","#NAME?","Safeway","a1S41000000NIcqEAG","5/31/15","TPR",27087,40319,0,0.9,24378.3,8,3.49,4.99,130774.67,-0.25,0.3,41984.85,48321.18,79071.02,17,1.07,55,136177.86,14897.85,14694.7,15940.7,30,35,51703.66,0,2.29,87856.68,24,22,3
"HYS Kit Kat Thanks You Bar","Y","Y","Display Kit Kat","IC XL Bar","#NAME?","Target","a1S41000000NIcqEAG","2/1/15","Merchandising",28126,36760.68,50000,0.95,26719.7,9,3.49,4.99,183435.8,0.3,0.3,37970.1,49122.06,133331.3,12,1.02,35,189470.8,9844.1,50000,10040.98,1,0,50104.5,5,-0.02,140348.74,1,5,1
"HYS Kit Kat Thanks You Bar","Y","Y","Display Kit Kat","IC XL Bar","#NAME?","Safeway","a1S41000000NIcqEAG","6/7/15","Merchandising",26953,37125.06,40000,1,26953,9,3.49,4.99,185254.06,0.37,0.3,36925.61,49763.32,134495.47,12,1.02,37,184258.79,9972.61,40000,10172.06,29,0,50758.59,10,0.24,134495.47,24,23,3
"HYS Kit Kat Thanks You Bar","Y","Y","Display Kit Kat","IC XL Bar","#NAME?","Target","a1S41000000NIcqEAG","2/8/15","Merchandising",27794,37480.21,50000,1.03,28627.82,7,3.49,4.99,187026.24,0.29,0.3,37521.9,48542.22,142852.82,1,0.91,35,187234.28,9727.9,50000,8852.39,1,0,44173.42,13,-0.03,138692.06,1,6,1
"HYS Kit Kat Thanks You Bar","Y","Y","Display Kit Kat","IC XL Bar","#NAME?","Kroger","a1S41000000NIcqEAG","2/8/15","Merchandising",27794,37866.55,27000,0.97,26960.18,7,3.49,4.99,188954.06,0.56,0.3,37799.84,49929.14,134531.3,19,1.09,36,188621.2,10005.84,27000,10906.37,16,0,54422.76,7,0.85,138692.06,13,6,2
"HYS Kit Kat Thanks You Bar","Y","Y","Display Kit Kat","IC XL Bar","#NAME?","Kroger","a1S41000000NIcqEAG","2/8/15","TPR",27794,36298.96,0,1,27794,7,3.49,4.99,153962.06,1.27,0.3,37243.96,40082.01,117888.25,0,0.9,34,157970.26,9449.96,5586.59,8504.96,17,15,36073.8,10,6.17,117888.25,13,6,2
"HYS Kit Kat Thanks You Bar","Y","Y","Display Kit Kat","IC XL Bar","#NAME?","Kroger","a1S41000000NIcqEAG","2/15/15","Merchandising",25864,36664.81,27000,1.09,28191.76,7,3.49,4.99,182957.38,0.52,0.3,35175.04,46462.09,140676.88,1,0.91,36,175523.45,9311.04,27000,8473.05,16,0,42280.5,19,0.72,129061.36,13,7,2
"HYS Kit Kat Thanks You Bar","Y","Y","Display Kit Kat","IC XL Bar","#NAME?","Kroger","a1S41000000NIcqEAG","2/15/15","TPR",25864,36742.4,0,1.05,27157.2,7,3.49,4.99,155842.88,1.27,0.3,34657.76,37298.73,115187.26,19,1.09,34,147000.89,8793.76,5198.66,9585.2,17,15,40655.62,15,6.17,109702.16,13,7,2
"HYS Kit Kat Thanks You Bar","Y","Y","Display Kit Kat","IC XL Bar","#NAME?","Safeway","a1S41000000NIcqEAG","75027","Merchandising",27087,36096.14,40000,0.97,26274.39,7,3.49,4.99,180119.72,0.38,0.3,37109.19,50010.73,131109.21,8,0.98,37,185174.86,10022.19,40000,9821.75,29,0,49010.51,7,0.25,135164.13,24,22,3
"HYS Kit Kat Thanks You Bar","Y","Y","Display Kit Kat","IC XL Bar","#NAME?","Safeway","a1S41000000NIcqEAG","6/7/15","TPR",26953,42019.73,0,1.02,27492.06,7,3.49,4.99,136290.98,-0.25,0.3,41777.15,48082.13,89170.5,8,0.98,55,135504.19,14824.15,14622,14527.67,30,35,47120.49,12,2.29,87422.06,24,23,3
"HYS Kit Kat Thanks You Bar","Y","Y","Kit Kat EDLP","IC XL Bar","#NAME?","Target",,"2/1/15","EDLP",28126,30274.83,0,0.99,27844.74,8,3.49,4.99,140496.39,1.36,0.3,30657.34,11747.19,129219.08,6,0.96,9,142271.52,2531.34,2146.01,2430.09,15,7,11277.3,9,4.47,130524.33,12,5,1
"HYS Kit Kat Thanks You Bar","Y","Y","Kit Kat EDLP","IC XL Bar","#NAME?","Target",,"2/8/15","EDLP",27794,28602.81,0,0.94,26126.36,8,3.49,4.99,132737.04,1.36,0.3,30295.46,11608.53,121244.6,9,0.99,9,140592.14,2501.46,2120.68,2476.45,15,7,11492.44,4,4.47,128983.62,12,6,1
"HYS Kit Kat Thanks You Bar","Y","Y","Kit Kat EDLP","IC XL Bar","#NAME?","Target",,"3/15/15","EDLP",27857,30313.99,0,1,27857,8,3.49,4.99,140678.12,1.36,0.3,30364.13,11634.84,129275.98,8,0.98,9,140910.82,2507.13,2125.49,2456.99,15,7,11402.14,10,4.47,129275.98,12,11,1
"HYS Kit Kat Thanks You Bar","Y","Y","Kit Kat EDLP","IC XL Bar","#NAME?","Target",,"3/22/15","EDLP",27592,28596.35,0,0.95,26212.4,8,3.49,4.99,132707.08,1.36,0.3,30075.28,11524.16,121643.88,6,0.96,9,139570.35,2483.28,2105.27,2383.95,15,7,11063.19,5,4.47,128046.19,12,12,1
"HYS Kit Kat Thanks You Bar","Y","Y","Kit Kat EDLP","IC XL Bar","#NAME?","Target",,"4/12/15","EDLP",22599,23812.57,0,0.97,21921.03,8,3.49,4.99,110506.98,1.36,0.3,24632.91,9438.77,101728.92,3,0.93,9,114313.95,2033.91,1724.3,1891.54,15,7,8778.05,7,4.47,104875.18,12,15,1
"HYS Kit Kat Thanks You Bar","Y","Y","Kit Kat EDLP","IC XL Bar","#NAME?","Target",,"4/19/15","EDLP",22593,22900.26,0,0.92,20785.56,8,3.49,4.99,106273.26,1.36,0.3,24626.37,9436.26,96459.55,14,1.04,9,114283.6,2033.37,1723.85,2114.7,15,7,9813.71,2,4.47,104847.34,12,16,1
"HYS Kit Kat Thanks You Bar","Y","Y","Kit Kat EDLP","IC XL Bar","#NAME?","Walmart",,"1/11/15","EDLP",21444,23114.49,0,1.01,21658.44,8,3.49,4.99,103807.16,0.65,0.3,22945.08,6741.35,97268.05,7,0.97,7,103046.35,1501.08,2294.51,1456.05,46,10,6539.11,11,1.94,96305,39,2,5
"HYS Kit Kat Thanks You Bar","Y","Y","Kit Kat EDLP","IC XL Bar","#NAME?","Walmart",,"2/1/15","EDLP",28126,31939.89,0,1.06,29813.56,8,3.49,4.99,143442.03,0.65,0.3,30094.82,8841.97,133892.7,18,1.08,7,135155.84,1968.82,3009.48,2126.33,46,10,9549.33,16,1.94,126313.87,39,5,5
"HYS Kit Kat Thanks You Bar","Y","Y","Kit Kat EDLP","IC XL Bar","#NAME?","Walmart",,"2/22/15","EDLP",28690,27769.05,0,0.9,25821,8,3.49,4.99,124710.81,0.65,0.3,30698.3,9019.28,115962.11,7,0.97,7,137866.07,2008.3,3069.83,1948.05,46,10,8748.7,0,1.94,128846.79,39,8,5
"HYS Kit Kat Thanks You Bar","Y","Y","Kit Kat EDLP","IC XL Bar","#NAME?","Walmart",,"3/15/15","EDLP",27857,29949.06,0,1.01,28135.57,8,3.49,4.99,134501.23,0.65,0.3,29806.99,8757.41,126356.84,3,0.93,7,133863.19,1949.99,2980.7,1813.49,46,10,8144.39,11,1.94,125105.79,39,11,5
"HYS Kit Kat Thanks You Bar","Y","Y","Kit Kat EDLP","IC XL Bar","#NAME?","Walmart",,"3/29/15","EDLP",28560,28825.61,0,0.94,26846.4,8,3.49,4.99,129455.81,0.65,0.3,30559.2,8978.41,120567.18,9,0.99,7,137241.37,1999.2,3055.92,1979.21,46,10,8888.62,4,1.94,128262.96,39,13,5
"HYS Kit Kat Thanks You Bar","Y","Y","Kit Kat EDLP","IC XL Bar","#NAME?","Walmart",,"4/19/15","EDLP",22593,25902.87,0,1.08,24400.44,8,3.49,4.99,116329.81,0.65,0.3,24174.51,7102.56,109582.38,5,0.95,7,108567.72,1581.51,2417.45,1502.43,46,10,6747.43,18,1.94,101465.16,39,16,5
"HYS Kit Kat Thanks You Bar","Y","Y","Kit Kat EDLP","IC XL Bar","#NAME?","Walmart",,"5/10/15","EDLP",23051,24053.72,0,0.97,22359.47,8,3.49,4.99,108025.25,0.65,0.3,24664.57,7246.54,100416.38,15,1.05,7,110768.58,1613.57,2466.46,1694.25,46,10,7608.87,7,1.94,103522.04,39,19,5
"HYS Kit Kat Thanks You Bar","Y","Y","Kit Kat EDLP","IC XL Bar","#NAME?","Walmart",,"5/31/15","EDLP",27087,27533.94,0,0.95,25732.65,8,3.49,4.99,123654.9,0.65,0.3,28983.09,8515.34,115565.33,5,0.95,7,130163.06,1896.09,2898.31,1801.29,46,10,8089.57,5,1.94,121647.72,39,22,5
"HYS Kit Kat Thanks You Bar","Y","Y","Kit Kat EDLP","IC XL Bar","#NAME?","Walmart",,"6/21/15","EDLP",29609,34642.53,0,1.1,32569.9,8,3.49,4.99,155579.6,0.65,0.3,31681.63,9308.18,146271.42,10,1,7,142282.2,2072.63,3168.16,2072.63,46,10,9308.18,20,1.94,132974.02,39,25,5
"HYS Kit Kat Thanks You Bar","Y","Y","Kit Kat EDLP","IC XL Bar","#NAME?","Target",,"2/15/15","EDLP",25864,29435.82,0,1.04,26898.56,9,3.49,4.99,136602.8,1.36,0.3,28191.76,10802.44,124828.15,19,1.09,9,130829.5,2327.76,1973.42,2537.26,15,7,11774.66,14,4.47,120027.06,12,7,1
"HYS Kit Kat Thanks You Bar","Y","Y","Kit Kat EDLP","IC XL Bar","#NAME?","Target",,"3/1/15","EDLP",28679,30792.64,0,0.99,28392.21,9,3.49,4.99,142899.42,1.36,0.3,31260.11,11978.16,131759.73,3,0.93,9,145068.79,2581.11,2188.21,2400.43,15,7,11139.69,9,4.47,133090.64,12,9,1
"HYS Kit Kat Thanks You Bar","Y","Y","Kit Kat EDLP","IC XL Bar","#NAME?","Target",,"3/29/15","EDLP",28560,31287.48,0,1.01,28845.6,9,3.49,4.99,145195.81,1.36,0.3,31130.4,11928.46,133863.78,5,0.95,9,144466.85,2570.4,2179.13,2441.88,15,7,11332.03,11,4.47,132538.39,12,13,1
"HYS Kit Kat Thanks You Bar","Y","Y","Kit Kat EDLP","IC XL Bar","#NAME?","Target",,"4/5/15","EDLP",21079,21249.74,0,0.91,19181.89,9,3.49,4.99,98613.67,1.36,0.3,22976.11,8803.92,89017.4,19,1.09,9,106625.23,1897.11,1608.33,2067.85,15,7,9596.27,1,4.47,97821.32,12,14,1
"HYS Kit Kat Thanks You Bar","Y","Y","Kit Kat EDLP","IC XL Bar","#NAME?","Walmart",,"1/18/15","EDLP",22777,24535.38,0,1.01,23004.77,9,3.49,4.99,110188.41,0.65,0.3,24371.39,7160.41,103314.42,6,0.96,7,109451.91,1594.39,2437.14,1530.61,46,10,6873.99,11,1.94,102291.51,39,3,5
"HYS Kit Kat Thanks You Bar","Y","Y","Kit Kat EDLP","IC XL Bar","#NAME?","Walmart",,"2/8/15","EDLP",27794,27535.52,0,0.92,25570.48,9,3.49,4.99,123662,0.65,0.3,29739.58,8737.6,114837.03,11,1.01,7,133560.45,1945.58,2973.96,1965.04,46,10,8824.98,2,1.94,124822.85,39,6,5
"HYS Kit Kat Thanks You Bar","Y","Y","Kit Kat EDLP","IC XL Bar","#NAME?","Walmart",,"4/5/15","EDLP",21079,23186.9,0,1.03,21711.37,9,3.49,4.99,104132.37,0.65,0.3,22554.53,6626.61,97505.76,10,1,7,101292.39,1475.53,2255.45,1475.53,46,10,6626.61,13,1.94,94665.79,39,14,5
"HYS Kit Kat Thanks You Bar","Y","Y","Kit Kat EDLP","IC XL Bar","#NAME?","Walmart",,"4/26/15","EDLP",22792,24615.36,0,1.01,23019.92,9,3.49,4.99,110547.58,0.65,0.3,24387.44,7165.12,103382.46,10,1,7,109523.99,1595.44,2438.74,1595.44,46,10,7165.12,11,1.94,102358.87,39,17,5
"HYS Kit Kat Thanks You Bar","Y","Y","Kit Kat EDLP","IC XL Bar","#NAME?","Walmart",,"5/17/15","EDLP",26029,26809.87,0,0.96,24987.84,9,3.49,4.99,120403.13,0.65,0.3,27851.03,8182.74,112220.39,10,1,7,125078.98,1822.03,2785.1,1822.03,46,10,8182.74,6,1.94,116896.24,39,20,5
"HYS Kit Kat Thanks You Bar","Y","Y","Kit Kat EDLP","IC XL Bar","#NAME?","Walmart",,"6/7/15","EDLP",26953,31440.67,0,1.1,29648.3,9,3.49,4.99,141200.07,0.65,0.3,28839.71,8473.21,133150.52,5,0.95,7,129519.14,1886.71,2883.97,1792.37,46,10,8049.55,20,1.94,121045.92,39,23,5
"HYS Kit Kat Thanks You Bar","Y","Y","Kit Kat EDLP","IC XL Bar","#NAME?","Target",,"2/22/15","EDLP",28690,28638.36,0,0.91,26107.9,7,3.49,4.99,132902.03,1.36,0.3,31272.1,11982.75,121158.93,8,0.98,9,145124.43,2582.1,2189.05,2530.46,15,7,11743.1,1,4.47,133141.68,12,8,1
"HYS Kit Kat Thanks You Bar","Y","Y","Kit Kat EDLP","IC XL Bar","#NAME?","Target",,"3/8/15","EDLP",28407,32514.65,0,1.06,30111.42,7,3.49,4.99,150890.75,1.36,0.3,30963.63,11864.55,139738.07,4,0.94,9,143692.92,2556.63,2167.45,2403.23,15,7,11152.68,16,4.47,131828.36,12,10,1
"HYS Kit Kat Thanks You Bar","Y","Y","Kit Kat EDLP","IC XL Bar","#NAME?","Walmart",,"1/4/15","EDLP",18905,20298.3,0,1.01,19094.05,7,3.49,4.99,91159.66,0.65,0.3,20228.35,5943.16,85751.38,1,0.91,7,90845.52,1323.35,2022.84,1204.25,46,10,5408.28,11,1.94,84902.36,39,1,5
"HYS Kit Kat Thanks You Bar","Y","Y","Kit Kat EDLP","IC XL Bar","#NAME?","Walmart",,"1/25/15","EDLP",28797,28857.47,0,0.93,26781.21,7,3.49,4.99,129598.91,0.65,0.3,30812.79,9052.91,120274.41,13,1.03,7,138380.24,2015.79,3081.28,2076.26,46,10,9324.5,3,1.94,129327.33,39,4,5
"HYS Kit Kat Thanks You Bar","Y","Y","Kit Kat EDLP","IC XL Bar","#NAME?","Walmart",,"2/15/15","EDLP",25864,28173.66,0,1.02,26381.28,7,3.49,4.99,126527.89,0.65,0.3,27674.48,8130.87,118478.33,9,0.99,7,124286.09,1810.48,2767.45,1792.38,46,10,8049.56,12,1.94,116155.22,39,7,5
"HYS Kit Kat Thanks You Bar","Y","Y","Kit Kat EDLP","IC XL Bar","#NAME?","Walmart",,"3/1/15","EDLP",28679,33327.87,0,1.09,31260.11,7,3.49,4.99,149675.45,0.65,0.3,30686.53,9015.82,140389.15,13,1.03,7,137813.21,2007.53,3068.65,2067.76,46,10,9286.29,19,1.94,128797.39,39,9,5
"HYS Kit Kat Thanks You Bar","Y","Y","Kit Kat EDLP","IC XL Bar","#NAME?","Walmart",,"3/8/15","EDLP",28407,28850.15,0,0.94,26702.58,7,3.49,4.99,129566.02,0.65,0.3,30395.49,8930.31,119921.29,18,1.08,7,136506.15,1988.49,3039.55,2147.57,46,10,9644.73,4,1.94,127575.84,39,10,5
"HYS Kit Kat Thanks You Bar","Y","Y","Kit Kat EDLP","IC XL Bar","#NAME?","Walmart",,"3/22/15","EDLP",27592,30389.83,0,1.03,28419.76,7,3.49,4.99,136480.72,0.65,0.3,29523.44,8674.1,127633.14,12,1.02,7,132589.77,1931.44,2952.34,1970.07,46,10,8847.58,13,1.94,123915.67,39,12,5
"HYS Kit Kat Thanks You Bar","Y","Y","Kit Kat EDLP","IC XL Bar","#NAME?","Walmart",,"4/12/15","EDLP",22599,24018.22,0,0.99,22373.01,7,3.49,4.99,107865.81,0.65,0.3,24180.93,7104.45,100477.19,14,1.04,7,108596.56,1581.93,2418.09,1645.21,46,10,7388.63,9,1.94,101492.11,39,15,5
"HYS Kit Kat Thanks You Bar","Y","Y","Kit Kat EDLP","IC XL Bar","#NAME?","Walmart",,"5/3/15","EDLP",23156,26295.95,0,1.06,24545.36,7,3.49,4.99,118095.13,0.65,0.3,24776.92,7279.55,110233.21,18,1.08,7,111273.15,1620.92,2477.69,1750.59,46,10,7861.92,16,1.94,103993.6,39,18,5
"HYS Kit Kat Thanks You Bar","Y","Y","Kit Kat EDLP","IC XL Bar","#NAME?","Walmart",,"5/24/15","EDLP",27632,26963.31,0,0.91,25145.12,7,3.49,4.99,121092.21,0.65,0.3,29566.24,8686.67,112926.73,4,0.94,7,132781.98,1934.24,2956.62,1818.19,46,10,8165.47,1,1.94,124095.31,39,21,5
"HYS Kit Kat Thanks You Bar","Y","Y","Kit Kat EDLP","IC XL Bar","#NAME?","Walmart",,"6/14/15","EDLP",26815,27257.45,0,0.95,25474.25,7,3.49,4.99,122413.2,0.65,0.3,28692.05,8429.83,114404.86,5,0.95,7,128856,1877.05,2869.21,1783.2,46,10,8008.34,5,1.94,120426.17,39,24,5
"JR Hotties","Y","Y","BOGOF Hotties","IC Peg","#NAME?","Target",,"4/26/15","Coupon",25000,27355,0,0.95,23750,2,3.05,4.29,93882.36,0.23,0.29,28500,12012,81510,13,1.03,14,97812,3500,5700,3605,7,20,12372.36,5,1.11,85800,5,17,1
"JR Hotties","Y","Y","BOGOF Hotties","IC Peg","#NAME?","Kroger",,"6/7/15","Coupon",27000,32470.2,0,1.01,27270,2,3.05,4.29,111437.73,0.29,0.29,31860,16679.52,93590.64,17,1.07,18,109343.52,4860,6372,5200.2,21,20,17847.09,11,1.62,92664,17,23,2
"JR Hotties","Y","Y","BOGOF Hotties","IC Peg","#NAME?","Walmart",,"2/15/15","Coupon",22500,27990,0,1.03,23175,2,3.05,4.29,96061.68,0.32,0.29,27000,15444,79536.6,17,1.07,20,92664,4500,5400,4815,42,20,16525.08,13,1.86,77220,35,7,5
"JR Sour Bites 4oz","Y","Y","BOGOF Hotties","IC Peg","#NAME?","Target",,"4/19/15","Coupon",26500,31349.5,0,1.05,27825,1,3.05,4.29,107591.48,0.23,0.29,30210,12732.72,95495.4,5,0.95,14,103680.72,3710,6042,3524.5,7,20,12096.08,15,1.11,90948,5,16,1
"JR Sour Bites 4oz","Y","Y","BOGOF Hotties","IC Peg","#NAME?","Walmart",,"2/8/15","Coupon",24000,28752,0,0.98,23520,1,3.05,4.29,98676.86,0.32,0.29,28800,16473.6,80720.64,19,1.09,20,98841.6,4800,5760,5232,42,20,17956.22,8,1.86,82368,35,6,5
"Jr Fruit Bites 4oz","Y","Y","Multibuy special","IC Peg","#NAME?","Target",,"6/7/15","BOGO",27500,41277.5,0,1.06,29150,10,3.05,4.29,106248.29,-0.37,0.29,39875,31853.25,75032.1,8,0.98,45,102638.25,12375,15950,12127.5,10,40,31216.19,16,1,70785,8,23,1
"Reese's Crunchers","Y","N","January Kick Start","IC Snack","#NAME?","Kroger",,"1/11/15","Specials",24000,25200,0,1.05,25200,12,3.05,4.29,86486.4,0,0.29,24000,0,86486.4,12,1.02,0,82368,0,4800,0,23,20,0,15,-1,82368,19,2,2
"Reese's Crunchers","Y","N","January Kick Start","IC Snack","#NAME?","Kroger",,"1/4/15","Specials",23000,22310,0,0.97,22310,10,3.05,4.29,76567.92,0,0.29,23000,0,76567.92,3,0.93,0,78936,0,4600,0,23,20,0,7,-1,78936,19,1,2
"Reese's Crunchers","Y","N","January Kick Start","IC Snack","#NAME?","Publix",,"1/18/15","Specials",24000,22800,0,0.95,22800,11,3.05,4.29,83140.2,0,0.29,24000,0,83140.2,18,1.08,0,87516,0,3600,0,36,15,0,5,-1,87516,30,3,4
"Reese's Crunchers","Y","Y","January Kick Start","IC Snack","#NAME?","Walmart",,"1/4/15","Specials",24000,27916.8,0,0.9,21600,14,3.05,4.29,101798.61,0.87,0.29,30720,24504.48,78764.4,4,0.94,28,112020.48,6720,4608,6316.8,44,15,23034.21,0,4.32,87516,37,1,5
"Reese's Crunchers","Y","Y","January Kick Start","IC Snack","#NAME?","Walmart",,"1/11/15","Specials",23500,28745.2,0,0.96,22560,15,3.05,4.29,104819.37,0.87,0.29,30080,23993.97,82265.04,4,0.94,28,109686.72,6580,4512,6185.2,44,15,22554.33,6,4.32,85692.75,37,2,5
"Reese's Crunchers","Y","Y","January Kick Start","IC Snack","#NAME?","Publix",,"4/12/15","Specials",24000,34812,0,1.09,26160,12,3.05,4.29,119474.78,0.5,0.29,32400,28828.8,89781.12,13,1.03,35,111196.8,8400,6480,8652,34,20,29693.66,19,3.45,82368,28,15,4
"Reese's Crunchers","Y","Y","January Kick Start","IC Snack","#NAME?","Publix",,"3/29/15","Specials",23500,32500.5,0,1.04,24440,10,3.05,4.29,111541.72,0.5,0.29,31725,28228.2,83878.08,8,0.98,35,108880.2,8225,6345,8060.5,34,20,27663.64,14,3.45,80652,28,13,4
"Reese's Crunchers","Y","Y","January Kick Start","IC Snack","#NAME?","Publix",,"4/5/15","Specials",22500,31657.5,0,1.05,23625,11,3.05,4.29,108648.54,0.5,0.29,30375,27027,81081,12,1.02,35,104247,7875,6075,8032.5,34,20,27567.54,15,3.45,77220,28,14,4
"Reese's Crunchers","Y","Y","January Kick Start","IC Snack","#NAME?","Publix",,"4/19/15","Specials",26000,33670,0,0.91,23660,13,3.05,4.29,115555.44,0.5,0.29,35100,31231.2,81201.12,20,1.1,35,120463.2,9100,7020,10010,34,20,34354.32,1,3.45,89232,28,16,4
"Reese's Crunchers","Y","Y","Multibuy special","IC Snack","#NAME?","Kroger",,"5/3/15","BOGO",25500,38517.75,0,1.02,26010,12,3.05,4.29,107406.75,-0.23,0.29,36975,31998.04,72528.88,19,1.09,45,103104.79,11475,12941.25,12507.75,24,35,34877.86,12,1.47,71106.75,20,18,2
"Reese's Crunchers","Y","Y","Multibuy special","IC Snack","#NAME?","Kroger",,"4/26/15","BOGO",26500,39975.25,0,1.09,28885,10,3.05,4.29,111470.98,-0.23,0.29,38425,33252.86,80545.82,3,0.93,45,107148.11,11925,13448.75,11090.25,24,35,30925.16,19,1.47,73895.25,20,17,2
"Reese's Crunchers","Y","Y","Multibuy special","IC Snack","#NAME?","Target",,"6/14/15","BOGO",26500,38835.75,0,1.02,27030,14,3.05,4.29,99963.22,-0.37,0.29,38425,30694.95,69575.22,9,0.99,45,98905.95,11925,15370,11805.75,10,40,30388,12,1,68211,8,24,1
"Twizzler Sour Mango 4oz","Y","Y","2/7$ Twizzler","IC Peg","#NAME?","Walmart",,"6/7/15","BOGO",28000,39536,0,1.02,28560,8,3.05,4.29,110246.14,-0.21,0.29,39200,31231.2,79639.56,8,0.98,40,109309.2,11200,13720,10976,45,35,30606.58,12,1.28,78078,38,23,5
"Twizzler Sour Mango 4oz","Y","Y","2/7$ Twizzler","IC Peg","#NAME?","Walmart",,"5/31/15","BOGO",24000,33456,0,1.01,24240,7,3.05,4.29,93292.06,-0.21,0.29,33600,26769.6,67593.24,6,0.96,40,93693.6,9600,11760,9216,45,35,25698.82,11,1.28,66924,38,22,5
"Twizzler Sour Mango 4oz","Y","Y","BOGOF Sour Mango","IC Peg","#NAME?","Target",,"4/12/15","BOGO",26000,39041.6,0,1.06,27560,8,3.05,4.29,108867.5,-0.24,0.29,38480,34800.48,76851.06,2,0.92,48,107301.48,12480,13468,11481.6,4,35,32016.44,16,1.58,72501,3,15,1
"Twizzler Sour Mango 4oz","Y","Y","BOGOF Sour Mango","IC Peg","#NAME?","Safeway",,"1/25/15","BOGO",23500,32049.3,0,0.98,23030,8,3.05,4.29,89369.47,-0.21,0.29,32430,24901.31,64219.16,11,1.01,38,90431.06,8930,11350.5,9019.3,32,35,25150.32,8,1.19,65529.75,26,4,3
"Twizzler Sour Mango 4oz","Y","Y","BOGOF Sour Mango","IC Peg","#NAME?","Walmart",,"6/14/15","BOGO",26500,37206,0,1.03,27295,8,3.05,4.29,111729.62,-0.04,0.29,35510,27057.03,81966.88,20,1.1,34,106636.53,9010,10653,9911,39,30,29762.73,13,1.54,79579.5,33,24,5
"Twizzler Sour Mango 4oz","Y","N","BOGOF Sour Mango","IC Peg","#NAME?","Walmart",,"6/14/15","Merchandising",25000,26000,60000,1.04,26000,8,3.05,4.29,111540,0,0.29,25000,0,111540,14,1.04,0,107250,0,60000,0,40,0,0,14,-1,107250,33,24,5
"Twizzler Sour Mango 4oz","Y","Y","BOGOF Sour Mango","IC Peg","#NAME?","Safeway",,"2/1/15","BOGO",22500,32112,0,1.07,24075,9,3.05,4.29,89544.31,-0.21,0.29,31050,23841.68,67133.14,4,0.94,38,86582.93,8550,10867.5,8037,32,35,22411.17,17,1.19,62741.25,26,5,3
"Twizzler Sour Mango 4oz","Y","Y","BOGOF Sour Mango","IC Peg","#NAME?","Target",,"4/5/15","BOGO",25750,36595.9,0,0.97,24977.5,7,3.05,4.29,102047.67,-0.24,0.29,38110,34465.86,69649.76,4,0.94,48,106269.74,12360,13338.5,11618.4,4,35,32397.91,7,1.58,71803.88,3,14,1
"Twizzler Sour Mango 4oz","Y","Y","BOGOF Sour Mango","IC Peg","#NAME?","Kroger",,"5/31/15","BOGO",26500,34619.6,0,0.98,25970,7,3.05,4.29,103962.66,-0.04,0.29,34980,25465.44,77987.91,12,1.02,32,105044.94,8480,10494,8649.6,19,30,25974.75,8,1.43,79579.5,15,22,2
"Twizzler Sour Mango 4oz","Y","Y","BOGOF Sour Mango","IC Peg","#NAME?","Safeway",,"1/18/15","BOGO",24000,35620.8,0,1.07,25680,7,3.05,4.29,99328.6,-0.21,0.29,33120,25431.12,71608.68,19,1.09,38,92355.12,9120,11592,9940.8,32,35,27719.92,17,1.19,66924,26,3,3
"Twizzler Sour Mango 4oz","Y","Y","BOGOF Sour Mango","IC Peg","#NAME?","Walmart",,"5/31/15","BOGO",23500,30794.4,0,0.95,22325,7,3.05,4.29,92475.58,-0.04,0.29,31490,23993.97,67041.98,16,1.06,34,94564.47,7990,9447,8469.4,39,30,25433.61,5,1.54,70570.5,33,22,5
"Twizzler Sour Mango 4oz","Y","N","BOGOF Sour Mango","IC Peg","#NAME?","Walmart",,"5/31/15","Merchandising",22500,24300,60000,1.08,24300,7,3.05,4.29,104247,0,0.29,22500,0,104247,14,1.04,0,96525,0,60000,0,40,0,0,18,-1,96525,33,22,5
"Twizzler Sour Mango 4oz","Y","Y","BOGOF Sour Mango","IC Peg","#NAME?","Walmart",,"6/7/15","BOGO",26000,34226.4,0,0.99,25740,7,3.05,4.29,102781.88,-0.04,0.29,34840,26546.52,77297.22,6,0.96,34,104624.52,8840,10452,8486.4,39,30,25484.66,9,1.54,78078,33,23,5
"Twizzler Sour Mango 4oz","Y","N","BOGOF Sour Mango","IC Peg","#NAME?","Walmart",,"6/7/15","Merchandising",27500,27775,60000,1.01,27775,7,3.05,4.29,119154.75,0,0.29,27500,0,119154.75,1,0.91,0,117975,0,60000,0,40,0,0,11,-1,117975,33,23,5
"Twizzler Sour Mango 4oz","Y","Y","Twizzler Super Saver","IC Peg","#NAME?","Target","a1S41000000NIclEAG","3/1/15","TPR",27500,37631,0,1.03,28325,8,3.05,4.29,121077.74,0.18,0.29,37400,31853.25,91135.69,4,0.94,36,120334.5,9900,9350,9306,3,25,29942.06,13,2.41,88481.25,2,9,1
"Twizzler Sour Mango 4oz","Y","Y","Twizzler Super Saver","IC Peg","#NAME?","Kroger","a1S41000000NIclEAG","4/26/15","TPR",25000,34095,0,0.98,24500,8,3.05,4.29,117014.04,0.53,0.29,34500,32604,84084,11,1.01,38,118404,9500,6900,9595,18,20,32930.04,8,3.73,85800,14,17,2
"Twizzler Sour Mango 4oz","Y","Y","Twizzler Super Saver","IC Peg","#NAME?","Safeway","a1S41000000NIclEAG","3/8/15","TPR",27000,36193.5,0,0.98,26460,8,3.05,4.29,108689.08,-0.04,0.29,36450,28378.35,79459.38,13,1.03,35,109459.35,9450,10935,9733.5,31,30,29229.7,8,1.6,81081,25,13,3
"Twizzler Sour Mango 4oz","Y","Y","Twizzler Super Saver","IC Peg","#NAME?","Walmart","a1S41000000NIclEAG","5/3/15","TPR",24000,31008,0,0.95,22800,8,3.05,4.29,93117.02,-0.04,0.29,32640,25945.92,68468.4,5,0.95,36,98017.92,8640,9792,8208,38,30,24648.62,5,1.65,72072,32,18,5
"Twizzler Sour Mango 4oz","Y","Y","Twizzler Super Saver","IC Peg","#NAME?","Kroger","a1S41000000NIclEAG","5/3/15","TPR",27000,37994.4,0,1.05,28350,9,3.05,4.29,130396.78,0.53,0.29,37260,35212.32,97297.2,4,0.94,38,127876.32,10260,7452,9644.4,18,20,33099.58,15,3.73,92664,14,18,2
"Twizzler Sour Mango 4oz","Y","Y","Twizzler Super Saver","IC Peg","#NAME?","Target","a1S41000000NIclEAG","2/22/15","TPR",28000,34272,0,0.9,25200,7,3.05,4.29,110270.16,0.18,0.29,38080,32432.4,81081,0,0.9,36,122522.4,10080,9520,9072,3,25,29189.16,0,2.41,90090,2,8,1
"Twizzler Sour Mango 4oz","Y","Y","Twizzler Super Saver","IC Peg","#NAME?","Target","a1S41000000NIclEAG","2/8/15","TPR",20000,27656,0,1.03,20600,5,3.05,4.29,88983.18,0.18,0.29,27200,23166,66280.5,8,0.98,36,87516,7200,6800,7056,3,25,22702.68,13,2.41,64350,2,6,1
"Twizzler Sour Mango 4oz","Y","Y","Twizzler Super Saver","IC Peg","#NAME?","Kroger","a1S41000000NIclEAG","4/19/15","TPR",23500,31076.4,0,0.95,22325,5,3.05,4.29,106654.2,0.53,0.29,32430,30647.76,76619.4,8,0.98,38,111299.76,8930,6486,8751.4,18,20,30034.8,5,3.73,80652,14,16,2
"Twizzler Sour Mango 4oz","Y","Y","Twizzler Super Saver","IC Peg","#NAME?","Safeway","a1S41000000NIclEAG","2/22/15","TPR",24000,32100,0,0.97,23280,5,3.05,4.29,96396.3,-0.04,0.29,32400,25225.2,69909.84,15,1.05,35,97297.2,8400,9720,8820,31,30,26486.46,7,1.6,72072,25,8,3
"Twizzler Sour Mango 4oz","Y","Y","Twizzler Super Saver","IC Peg","#NAME?","Walmart","a1S41000000NIclEAG","4/19/15","TPR",24000,30134.4,0,0.91,21840,5,3.05,4.29,90493.6,-0.04,0.29,32640,25945.92,65585.52,6,0.96,36,98017.92,8640,9792,8294.4,38,30,24908.08,1,1.65,72072,32,16,5
"Twizzler Sour Mango 4oz","Y","Y","Twizzler Super Saver","IC Peg","#NAME?","Target","a1S41000000NIclEAG","2/15/15","TPR",26000,38168,0,1.09,28340,6,3.05,4.29,122805.54,0.18,0.29,35360,30115.8,91183.95,15,1.05,36,113770.8,9360,8840,9828,3,25,31621.59,19,2.41,83655,2,7,1
"Twizzler Sour Mango 4oz","Y","Y","Twizzler Super Saver","IC Peg","#NAME?","Safeway","a1S41000000NIclEAG","3/1/15","TPR",26000,32487,0,0.91,23660,6,3.05,4.29,97558.46,-0.04,0.29,35100,27327.3,71050.98,7,0.97,35,105405.3,9100,10530,8827,31,30,26507.48,1,1.6,78078,25,9,3
"Twizzler Sour Mango 4oz","Y","Y","Twizzler Super Saver","IC Peg","#NAME?","Walmart","a1S41000000NIclEAG","4/26/15","TPR",26000,37741.6,0,1.07,27820,6,3.05,4.29,113338.02,-0.04,0.29,35360,28108.08,83543.46,16,1.06,36,106186.08,9360,10608,9921.6,38,30,29794.56,17,1.65,78078,32,17,5
"Twizzler Sour Mango 4oz","Y","Y","Twizzler Super Saver","IC Peg","#NAME?","Target","a1S41000000NIclEAG","2/1/15","TPR",24000,33465.6,0,1.02,24480,4,3.05,4.29,107675.57,0.18,0.29,32640,27799.2,78764.4,14,1.04,36,105019.2,8640,8160,8985.6,3,25,28911.17,12,2.41,77220,2,5,1
"Twizzler Sour Mango 4oz","Y","Y","Twizzler Super Saver","IC Peg","#NAME?","Target","a1S41000000NIcqEAG","2/1/15","TPR",24000,29544,0,0.91,21840,8,3.05,4.29,101395.01,0.44,0.29,31200,24710.4,74954.88,17,1.07,30,107078.4,7200,6240,7704,2,20,26440.13,1,2.96,82368,1,5,1
"Twizzler Sour Mango 4oz","Y","N","Twizzler Super Saver","IC Peg","#NAME?","Walmart","a1S41000000NIcqEAG","2/15/15","Merchandising",23500,23970,28000,1.02,23970,8,3.05,4.29,102831.3,0,0.29,23500,0,102831.3,2,0.92,0,100815,0,28000,0,37,0,0,12,-1,100815,31,7,5
"Twizzler Sour Mango 4oz","Y","N","Twizzler Super Saver","IC Peg","#NAME?","Walmart","a1S41000000NIcqEAG","3/8/15","Merchandising",23500,23500,28000,1,23500,8,3.05,4.29,100815,0,0.29,23500,0,100815,1,0.91,0,100815,0,28000,0,37,0,0,10,-1,100815,31,10,5
"Twizzler Sour Mango 4oz","Y","Y","Twizzler Super Saver","IC Peg","#NAME?","Target","a1S41000000NIcqEAG","2/8/15","TPR",20000,27060,0,1.08,21600,9,3.05,4.29,92869.92,0.44,0.29,26000,20592,74131.2,1,0.91,30,89232,6000,5200,5460,2,20,18738.72,18,2.96,68640,1,6,1
"Twizzler Sour Mango 4oz","Y","N","Twizzler Super Saver","IC Peg","#NAME?","Walmart","a1S41000000NIcqEAG","2/22/15","Merchandising",24000,23520,28000,0.98,23520,9,3.05,4.29,100900.8,0,0.29,24000,0,100900.8,3,0.93,0,102960,0,28000,0,37,0,0,8,-1,102960,31,8,5
"Twizzler Sour Mango 4oz","Y","N","Twizzler Super Saver","IC Peg","#NAME?","Walmart","a1S41000000NIcqEAG","3/15/15","Merchandising",22500,22725,28000,1.01,22725,9,3.05,4.29,97490.25,0,0.29,22500,0,97490.25,4,0.94,0,96525,0,28000,0,37,0,0,11,-1,96525,31,11,5
"Twizzler Sour Mango 4oz","Y","Y","Twizzler Super Saver","IC Peg","#NAME?","Target","a1S41000000NIcqEAG","1/25/15","TPR",22000,27808,0,0.94,20680,7,3.05,4.29,95437.06,0.44,0.29,28600,22651.2,70973.76,18,1.08,30,98155.2,6600,5720,7128,2,20,24463.3,4,2.96,75504,1,4,1
"Twizzler Sour Mango 4oz","Y","N","Twizzler Super Saver","IC Peg","#NAME?","Walmart","a1S41000000NIcqEAG","2/8/15","Merchandising",26000,27820,28000,1.07,27820,7,3.05,4.29,119347.8,0,0.29,26000,0,119347.8,19,1.09,0,111540,0,28000,0,37,0,0,17,-1,111540,31,6,5
"Twizzler Sour Mango 4oz","Y","N","Twizzler Super Saver","IC Peg","#NAME?","Walmart","a1S41000000NIcqEAG","3/1/15","Merchandising",24000,22560,28000,0.94,22560,7,3.05,4.29,96782.4,0,0.29,24000,0,96782.4,3,0.93,0,102960,0,28000,0,37,0,0,4,-1,102960,31,9,5
"Twizzler Sour Mango 4oz","Y","N","January Kick Start","IC Peg","#NAME?","Target",,"1/11/15","Merchandising",22500,21825,45000,0.97,21825,8,3.05,4.29,93629.25,0,0.29,22500,0,93629.25,2,0.92,0,96525,0,45000,0,9,0,0,7,-1,96525,7,2,1
"Twizzler Sour Mango 4oz","Y","N","January Kick Start","IC Peg","#NAME?","Target",,"1/4/15","Merchandising",23000,22080,45000,0.96,22080,5,3.05,4.29,94723.2,0,0.29,23000,0,94723.2,20,1.1,0,98670,0,45000,0,9,0,0,6,-1,98670,7,1,1