"Category","Customer","End_Date_of_445_Week","Freezer_broken","Planogram","Spoilage_Rate_Target","Promotion_Price_Compliance_Target","Retailer_Margin_Actual","Target_Sales_Revenue","New_Items_Sold_In_Actual","Delivery_On_Time_Actual","Right_Order_Target","Return_Rate_Actual","Spoilage_Rate_Actual","Uplift_planned","Target_Manager_Visit","Actual_Sales_Volume","Delivery_On_Time_Target","OoS_Rate_Actual","Promotion_not_executed","Promotion_Sell_In_Target","Freezer_Clings_missing","Planogram_Compliance_Target","Promotion_Sell_In_Actual","Target_Freezers_not_working","Display_not_built","Uplift_actual","Actual_Sales_Rep_Visit","Actual_Sales_Revenue","Actual_Service_Requests","Promotion_Price_Compliance_Actuals","Trade_Spend_with_Customer_Target","OoS_Rate_Target","Target_Sales_Volume","Listing_Compliance_Target","Planogram_Compliance_Actual","Listing_Compliance_Actual","Actual_Freezers_not_working","Actual_Manager_Visit","Target_Sales_Rep_Visits","Retailer_Margin_Target","Target_Service_Requests","Trade_Spend_with_Customer_Actual","Return_Rate_Target","Average_Price_to_Retailer","New_Items_Sold_In_Target","Right_Order_Actual"
"IC XL Bar","Kroger #201","2015/01/11",0,0,0.04,0.95,0.1,339367.7,0.61,1,1,0.06,0.05,79946.67,0,117686,1,0.02,1,0.78,0,0.96,0.77,0,0,76634.49,0,304806.74,0,0.93,40724.12,0.03,131030,0.95,0.96,0.94,0,0,0,0.12,0,40996.51,0.05,2.59,0.75,0
"IC Snack","Kroger #201","2015/01/11",0,0,0.03,0.95,0.1,108859.72,0.59,1,1,0.04,0.02,30052.71,0,58185,1,0.04,0,0.66,0,0.96,0.59,0,0,41929.2,0,139062.15,0,0.94,13063.17,0.02,45548,0.98,0.96,0.97,0,0,0,0.12,0,18703.86,0.04,2.39,0.75,1
"IC King Size","Kroger #204","2015/01/11",0,0,0.03,0.9,0.1,394048.61,0.76,1,1,0.04,0.03,83191.39,0,123429,1,0.03,1,0.75,1,0.96,0.7,0,0,80371.97,0,356709.81,0,0.89,47285.83,0.02,136349,0.95,0.93,0.9,0,0,0,0.13,0,47977.47,0.04,2.89,0.75,1
"IC Pouch","Kroger #204","2015/01/11",0,0,0.03,0.9,0.1,120862.35,0.81,1,1,0.04,0.03,25048.68,0,61023,1,0.03,0,0.75,0,0.96,0.7,0,1,30796.04,0,155608.65,0,0.88,14503.48,0.02,47397,0.95,0.95,0.95,0,0,0,0.13,0,20929.36,0.04,2.55,0.75,1
"IC Peg","Kroger #216","2015/01/11",1,0,0.04,0.9,0.12,410634.14,0.81,0,1,0.05,0.03,96734.63,0,134162,1,0.03,0,0.75,0,0.96,0.73,0,0,87361.9,0,347479.58,0,0.88,49276.1,0.02,158546,0.95,0.96,0.93,0,0,0,0.11,0,46736,0.05,2.59,0.75,1
"IC Giant Bar","Kroger #216","2015/01/11",0,0,0.04,0.9,0.12,131720.07,0.74,1,1,0.04,0.03,25411.26,0,66330,1,0.03,0,0.75,0,0.96,0.73,0,0,29113.55,0,158528.7,0,0.84,15806.41,0.02,55113,0.95,0.95,0.94,0,0,0,0.11,0,21322.11,0.05,2.39,0.75,1
"IC Kids Gum","Kroger #217","2015/01/11",0,0,0.04,0.9,0.17,485399.44,0.72,0,1,0.04,0.03,114532.76,0,195358,1,0.02,0,0.65,0,0.96,0.5,0,0,118261.47,0,466905.62,0,0.85,58247.93,0.02,203096,0.95,0.96,0.96,0,0,0,0.15,0,62798.81,0.05,2.39,0.75,1
"IC Snack","Kroger #217","2015/01/11",0,0,0.04,0.9,0.17,154611.81,0.67,1,1,0.04,0.03,28269.53,0,96587,1,0.03,0,0.75,0,0.96,0.72,0,0,39857.32,0,211525.53,0,0.89,18553.42,0.03,70599,0.95,0.96,0.91,0,0,0,0.15,0,28450.18,0.05,2.19,0.75,1
"IC XL Bar","Kroger #201","2014/01/12",0,1,0.04,0.95,0.1,192714.13,0.61,0,0,0.06,0.05,56594.72,0,142208,0,0.02,0,0.78,1,0.96,0.77,0,0,97809.97,0,368318.72,0,0.93,23125.7,0.03,74407,0.95,0.96,0.94,0,0,0,0.12,0,49538.87,0.05,2.59,0.75,0
"IC Snack","Kroger #201","2014/01/12",0,0,0.03,0.95,0.1,151026.49,0.59,0,0,0.04,0.02,61046.13,0,61927,0,0.04,0,0.66,0,0.96,0.59,0,0,64661.49,1,148005.53,0,0.94,18123.18,0.02,63191,0.98,0.96,0.97,0,0,1,0.12,0,19906.74,0.04,2.39,0.75,0
"IC King Size","Kroger #204","2014/01/12",0,0,0.03,0.9,0.1,223764.03,0.76,0,0,0.04,0.03,58890.22,0,149147,0,0.03,0,0.75,0,0.96,0.7,0,0,102581.97,0.33,431034.83,0,0.89,26851.68,0.02,77427,0.95,0.93,0.9,0,0,0.33,0.13,0,57974.18,0.04,2.89,0.75,0
"IC Pouch","Kroger #204","2014/01/12",0,0,0.03,0.9,0.1,167677.8,0.81,0,0,0.04,0.03,51204,0,64948,0,0.03,1,0.75,0,0.96,0.7,0,0,47630.34,1,165617.4,0,0.88,20121.34,0.02,65756,0.95,0.95,0.95,0,0,1,0.13,1,22275.54,0.04,2.55,0.75,0
"IC Peg","Kroger #216","2014/01/12",0,0,0.04,0.9,0.12,233182.88,0.81,0,0,0.05,0.03,68478.34,0,162117,0,0.03,0,0.75,0,0.96,0.73,0,1,111502.81,0,419883.03,0,0.88,27981.95,0.02,90032,0.95,0.96,0.93,0,0,0,0.11,0,56474.27,0.05,2.59,0.75,0
"IC Giant Bar","Kroger #216","2014/01/12",0,0,0.04,0.9,0.12,182741.79,0.74,0,0,0.04,0.03,52620.75,0,70596,0,0.03,0,0.75,0,0.96,0.73,0,0,45848.25,1,168724.44,0,0.84,21929.01,0.02,76461,0.95,0.95,0.94,0,0,1,0.11,0,22693.44,0.05,2.39,0.75,0
"IC Kids Gum","Kroger #217","2014/01/12",0,0,0.04,0.9,0.17,275638.7,0.72,0,0,0.04,0.03,81078.4,0,236065,0,0.02,0,0.65,0,0.96,0.5,0,0,150938.91,0,564195.35,0,0.85,33076.64,0.02,115330,0.95,0.96,0.96,0,0,0,0.15,0,75884.27,0.05,2.39,0.75,0
"IC Snack","Kroger #217","2014/01/12",0,0,0.04,0.9,0.17,214501.74,0.67,0,0,0.04,0.03,57769.53,0,102798,0,0.03,0,0.75,0,0.96,0.72,0,0,62638.64,1,225127.62,0,0.89,25740.21,0.03,97946,0.95,0.96,0.91,0,0,1,0.15,0,30279.66,0.05,2.19,0.75,0
"IC XL Bar","Kroger #201","2015/01/18",0,0,0.04,0.95,0.1,339362.52,0.61,0,0,0.06,0.05,79942.1,0,194119,0,0.02,0,0.78,0,0.96,0.77,0,0,99208.26,1,502768.21,0,0.93,40723.5,0.03,131028,0.95,0.96,0.94,0,0,1,0.12,0,67622.32,0.05,2.59,0.75,0
"IC Snack","Kroger #201","2015/01/18",0,0,0.03,0.95,0.1,108852.55,0.59,0,0,0.04,0.02,30049.58,0,58184,0,0.04,1,0.66,0,0.96,0.59,0,0,41929.2,0,139059.76,0,0.94,13062.31,0.02,45545,0.98,0.96,0.97,0,0,0,0.12,0,18703.54,0.04,2.39,0.75,0
"IC King Size","Kroger #204","2015/01/18",0,0,0.03,0.9,0.1,394039.94,0.76,0,0,0.04,0.03,83185.3,0,203591,0,0.03,0,0.75,0,0.96,0.7,0,1,104047.8,1,588377.99,0,0.89,47284.79,0.02,136346,0.95,0.93,0.9,0,0,1,0.13,0,79136.84,0.04,2.89,0.75,0
"IC Pouch","Kroger #204","2015/01/18",0,0,0.03,0.9,0.1,120852.15,0.81,0,0,0.04,0.03,25046.11,1,61022,0,0.03,0,0.75,1,0.96,0.7,0,0,30796.04,0,155606.1,1,0.88,14502.26,0.02,47393,0.95,0.95,0.95,0,0,0,0.13,0,20929.02,0.04,2.55,0.75,0
"IC Peg","Kroger #216","2015/01/18",0,0,0.04,0.9,0.12,410626.37,0.81,0,0,0.05,0.03,96728.54,0,221295,0,0.03,0,0.75,0,0.96,0.73,0,0,113096.04,1,573154.05,0,0.88,49275.16,0.02,158543,0.95,0.96,0.93,0,0,1,0.11,0,77089.22,0.05,2.59,0.75,0
"IC Giant Bar","Kroger #216","2015/01/18",0,0,0.04,0.9,0.12,131710.51,0.74,0,0,0.04,0.03,25408.93,1,66329,0,0.03,0,0.75,0,0.96,0.73,0,0,29113.55,0,158526.31,1,0.84,15805.26,0.02,55109,0.95,0.95,0.94,0,1,0,0.11,0,21321.79,0.05,2.39,0.75,0
"IC Kids Gum","Kroger #217","2015/01/18",0,0,0.04,0.9,0.17,485392.27,0.72,0,0,0.04,0.03,114525.73,1,322237,0,0.02,0,0.65,0,0.96,0.5,0,0,153097.81,1,770146.43,1,0.85,58247.07,0.02,203093,0.95,0.96,0.96,0,0,1,0.15,0,103584.69,0.05,2.39,0.75,0
"IC Snack","Kroger #217","2015/01/18",0,0,0.04,0.9,0.17,154600.86,0.67,0,0,0.04,0.03,28266.29,0,96585,0,0.03,0,0.75,0,0.96,0.72,0,0,39857.32,0,211521.15,0,0.89,18552.1,0.03,70594,0.95,0.96,0.91,0,0,0,0.15,0,28449.59,0.05,2.19,0.75,0
"IC XL Bar","Kroger #201","2014/01/19",0,0,0.04,0.95,0.1,192729.67,0.61,0,1,0.06,0.05,56596.25,0,142210,1,0.02,0,0.78,0,0.96,0.77,0,0,97809.97,0,368323.9,0,0.93,23127.56,0.03,74413,0.95,0.96,0.94,0,0,0,0.12,0,49539.56,0.05,2.59,0.75,0
"IC Snack","Kroger #201","2014/01/19",0,0,0.03,0.95,0.1,152324.26,0.59,1,1,0.04,0.02,61615.19,0,62459,1,0.04,1,0.66,0,0.96,0.59,0,0,65283.08,0,149277.01,0,0.94,18278.91,0.02,63734,0.98,0.96,0.97,0,0,0,0.12,0,20077.76,0.04,2.39,0.75,1
"IC King Size","Kroger #204","2014/01/19",0,0,0.03,0.9,0.1,223781.37,0.76,1,1,0.04,0.03,58893.26,0,149149,1,0.03,0,0.75,0,0.96,0.7,0,1,102581.97,0.33,431040.61,0,0.89,26853.76,0.02,77433,0.95,0.93,0.9,0,0,0.33,0.13,0,57974.96,0.04,2.89,0.75,1
"IC Pouch","Kroger #204","2014/01/19",1,0,0.03,0.9,0.1,169118.55,0.81,0,1,0.04,0.03,51687.22,0,65506,1,0.03,0,0.75,0,0.96,0.7,0,0,48090.19,0.32,167040.3,0,0.88,20294.23,0.02,66321,0.95,0.95,0.95,0,0,0.32,0.13,0,22466.92,0.04,2.55,0.75,1
"IC Peg","Kroger #216","2014/01/19",0,0,0.04,0.9,0.12,233201.01,0.81,1,1,0.05,0.03,68481.38,0,162119,1,0.03,0,0.75,0,0.96,0.73,0,0,111502.81,0,419888.21,0,0.88,27984.12,0.02,90039,0.95,0.96,0.93,0,0,0,0.11,0,56474.96,0.05,2.59,0.75,1
"IC Giant Bar","Kroger #216","2014/01/19",0,0,0.04,0.9,0.12,184312.02,0.74,1,1,0.04,0.03,53132.4,0,71203,1,0.03,0,0.75,0,0.96,0.73,0,0,46302.55,0,170175.17,0,0.84,22117.44,0.02,77118,0.95,0.95,0.94,0,0,0,0.11,0,22888.56,0.05,2.39,0.75,1
"IC Kids Gum","Kroger #217","2014/01/19",0,0,0.04,0.9,0.17,275662.6,0.72,1,1,0.04,0.03,81079.8,0,236068,1,0.02,0,0.65,1,0.96,0.5,0,0,150938.91,0,564202.52,0,0.85,33079.51,0.02,115340,0.95,0.96,0.96,0,0,0,0.15,0,75885.24,0.05,2.39,0.75,1
"IC Snack","Kroger #217","2014/01/19",0,1,0.04,0.9,0.17,216343.53,0.67,1,1,0.04,0.03,58315.05,0,103681,1,0.03,0,0.75,0,0.96,0.72,0,0,63257.64,0,227061.39,0,0.89,25961.22,0.03,98787,0.95,0.96,0.91,0,0,0,0.15,0,30539.76,0.05,2.19,0.75,1
"IC XL Bar","Kroger #201","2015/01/25",0,0,0.04,0.95,0.1,347588.36,0.61,1,1,0.06,0.05,80313.28,0,228389,1,0.02,0,0.78,1,0.96,0.77,0,1,128176.43,0,591527.51,0,0.93,41710.6,0.03,134204,0.95,0.96,0.94,0,0,0,0.12,0,79560.45,0.05,2.59,0.75,1
"IC Snack","Kroger #201","2015/01/25",1,0,0.03,0.95,0.1,108859.72,0.59,1,1,0.04,0.02,30052.71,0,58166,1,0.04,0,0.66,0,0.96,0.59,0,0,41912.87,0,139016.74,0,0.94,13063.17,0.02,45548,0.98,0.96,0.97,0,0,0,0.12,0,18697.75,0.04,2.39,0.75,1
"IC King Size","Kroger #204","2015/01/25",0,0,0.03,0.9,0.1,403591.39,0.76,1,1,0.04,0.03,83573.21,0,239533,1,0.03,0,0.75,0,0.96,0.7,0,0,134431.15,0,692250.37,0,0.89,48430.97,0.02,139651,0.95,0.93,0.9,0,0,0,0.13,0,93107.67,0.04,2.89,0.75,1
"IC Pouch","Kroger #204","2015/01/25",0,0,0.03,0.9,0.1,120862.35,0.81,1,1,0.04,0.03,25048.68,1,61004,1,0.03,0,0.75,0,0.96,0.7,0,0,30783.7,0,155560.2,1,0.88,14503.48,0.02,47397,0.95,0.95,0.95,0,0,0,0.13,0,20922.85,0.04,2.55,0.75,1
"IC Peg","Kroger #216","2015/01/25",0,0,0.04,0.9,0.12,420579.74,0.81,1,1,0.05,0.03,97178.82,0,260363,1,0.03,0,0.75,0,0.96,0.73,0,0,146120.95,0,674340.17,0,0.88,50469.57,0.02,162386,0.95,0.96,0.93,0,0,0,0.11,0,90698.75,0.05,2.59,0.75,1
"IC Giant Bar","Kroger #216","2015/01/25",0,1,0.04,0.9,0.12,131720.07,0.74,1,1,0.04,0.03,25411.26,0,66309,1,0.03,0,0.75,0,0.96,0.73,0,0,29101.59,0,158478.51,0,0.84,15806.41,0.02,55113,0.95,0.95,0.94,0,0,0,0.11,0,21315.36,0.05,2.39,0.75,1
"IC Kids Gum","Kroger #217","2015/01/25",0,0,0.04,0.9,0.17,497158.24,0.72,0,1,0.04,0.03,115057.2,0,379125,1,0.02,0,0.65,0,0.96,0.5,0,1,197801.16,0,906108.75,0,0.85,59658.99,0.02,208016,0.95,0.96,0.96,0,0,0,0.15,0,121871.63,0.05,2.39,0.75,1
"IC Snack","Kroger #217","2015/01/25",0,0,0.04,0.9,0.17,154611.81,0.67,1,1,0.04,0.03,28269.53,0,96555,1,0.03,0,0.75,0,0.96,0.72,0,1,39841.24,0,211455.45,0,0.89,18553.42,0.03,70599,0.95,0.96,0.91,0,0,0,0.15,0,28440.76,0.05,2.19,0.75,1
"IC XL Bar","Kroger #201","2014/01/26",0,0,0.04,0.95,0.1,192714.13,0.61,0,0,0.06,0.05,56594.72,0,142207,0,0.02,1,0.78,0,0.96,0.77,0,0,97809.97,1,368316.13,0,0.93,23125.7,0.03,74407,0.95,0.96,0.94,0,0,1,0.12,0,49538.52,0.05,2.59,0.75,0
"IC Snack","Kroger #201","2014/01/26",0,0,0.03,0.95,0.1,152938.49,0.59,0,0,0.04,0.02,61883.33,0,62711,0,0.04,0,0.66,1,0.96,0.59,0,1,65575.71,0,149879.29,0,0.94,18352.62,0.02,63991,0.98,0.96,0.97,0,0,0,0.12,0,20158.76,0.04,2.39,0.75,0
"IC King Size","Kroger #204","2014/01/26",0,0,0.03,0.9,0.1,223764.03,0.76,0,0,0.04,0.03,58890.22,0,149145,0,0.03,0,0.75,0,0.96,0.7,0,0,102581.97,1,431029.05,0,0.89,26851.68,0.02,77427,0.95,0.93,0.9,0,0,1,0.13,0,57973.41,0.04,2.89,0.75,0
"IC Pouch","Kroger #204","2014/01/26",0,0,0.03,0.9,0.1,169799.4,0.81,0,0,0.04,0.03,51915.69,1,65770,0,0.03,0,0.75,1,0.96,0.7,0,0,48306.43,0.33,167713.5,1,0.88,20375.93,0.02,66588,0.95,0.95,0.95,1,0,0.33,0.13,0,22557.47,0.04,2.55,0.75,0
"IC Peg","Kroger #216","2014/01/26",0,0,0.04,0.9,0.12,233182.88,0.81,0,0,0.05,0.03,68478.34,0,162115,0,0.03,0,0.75,0,0.96,0.73,0,0,111502.81,1,419877.85,0,0.88,27981.95,0.02,90032,0.95,0.96,0.93,0,0,1,0.11,0,56473.57,0.05,2.59,0.75,0
"IC Giant Bar","Kroger #216","2014/01/26",0,0,0.04,0.9,0.12,185055.31,0.74,0,0,0.04,0.03,53373.28,0,71490,0,0.03,0,0.75,0,0.96,0.73,0,0,46516.52,0,170861.1,0,0.84,22206.64,0.02,77429,0.95,0.95,0.94,0,0,0,0.11,0,22980.82,0.05,2.39,0.75,0
"IC Kids Gum","Kroger #217","2014/01/26",0,0,0.04,0.9,0.17,275638.7,0.72,0,0,0.04,0.03,81078.4,0,236063,0,0.02,0,0.65,0,0.96,0.5,0,0,150938.91,1,564190.57,0,0.85,33076.64,0.02,115330,0.95,0.96,0.96,0,0,1,0.15,0,75883.63,0.05,2.39,0.75,0
"IC Snack","Kroger #217","2014/01/26",0,0,0.04,0.9,0.17,217217.34,0.67,0,0,0.04,0.03,58572.43,0,104100,0,0.03,0,0.75,1,0.96,0.72,0,1,63549.13,0,227979,0,0.89,26066.08,0.03,99186,0.95,0.96,0.91,0,0,0,0.15,0,30663.18,0.05,2.19,0.75,0
"IC XL Bar","Kroger #201","2015/01/04",0,0,0.04,0.95,0.1,339365.11,0.61,0,0,0.06,0.05,79946.67,0,117698,0,0.02,0,0.78,0,0.96,0.77,0,0,76642.16,0,304837.82,0,0.93,40723.81,0.03,131029,0.95,0.96,0.94,0,0,0,0.12,0,41000.69,0.05,2.59,0.75,0
"IC Snack","Kroger #201","2015/01/04",0,1,0.03,0.95,0.1,108859.72,0.59,0,0,0.04,0.02,30052.44,0,58169,0,0.04,0,0.66,0,0.96,0.59,0,0,41911.71,1,139023.91,0,0.94,13063.17,0.02,45548,0.98,0.96,0.97,0,1,1,0.12,0,18698.72,0.04,2.39,0.75,0
"IC King Size","Kroger #204","2015/01/04",0,0,0.03,0.9,0.1,394045.72,0.76,0,0,0.04,0.03,83191.39,0,123441,0,0.03,0,0.75,0,0.96,0.7,0,0,80381.18,0,356744.49,0,0.89,47285.49,0.02,136348,0.95,0.93,0.9,0,0,0,0.13,0,47982.13,0.04,2.89,0.75,0
"IC Pouch","Kroger #204","2015/01/04",0,0,0.03,0.9,0.1,120862.35,0.81,0,0,0.04,0.03,25048.42,1,61007,0,0.03,0,0.75,0,0.96,0.7,0,0,30782.88,1,155567.85,1,0.88,14503.48,0.02,47397,0.95,0.95,0.95,0,1,1,0.13,0,20923.88,0.04,2.55,0.75,0
"IC Peg","Kroger #216","2015/01/04",0,0,0.04,0.9,0.12,410631.55,0.81,0,0,0.05,0.03,96734.63,0,134175,0,0.03,1,0.75,0,0.96,0.73,0,0,87371.11,0,347513.25,0,0.88,49275.79,0.02,158545,0.95,0.96,0.93,0,0,0,0.11,0,46740.53,0.05,2.59,0.75,0
"IC Giant Bar","Kroger #216","2015/01/04",0,0,0.04,0.9,0.12,131720.07,0.74,0,0,0.04,0.03,25410.96,0,66312,0,0.03,0,0.75,1,0.96,0.73,0,1,29100.84,1,158485.68,0,0.84,15806.41,0.02,55113,0.95,0.95,0.94,0,0,1,0.11,0,21316.32,0.05,2.39,0.75,0
"IC Kids Gum","Kroger #217","2015/01/04",0,0,0.04,0.9,0.17,485394.66,0.72,0,0,0.04,0.03,114532.76,0,195378,0,0.02,0,0.65,0,0.96,0.5,0,0,118272.89,0,466953.42,0,0.85,58247.36,0.02,203094,0.95,0.96,0.96,0,0,0,0.15,0,62805.23,0.05,2.39,0.75,0
"IC Snack","Kroger #217","2015/01/04",0,0,0.04,0.9,0.17,154611.81,0.67,0,0,0.04,0.03,28269.14,0,96560,0,0.03,0,0.75,1,0.96,0.72,0,0,39840.54,1,211466.4,0,0.89,18553.42,0.03,70599,0.95,0.96,0.91,0,0,1,0.15,0,28442.23,0.05,2.19,0.75,0
"IC XL Bar","Kroger #201","2014/01/05",0,0,0.04,0.95,0.1,192729.67,0.61,1,1,0.06,0.05,56596.25,1,142208,1,0.02,0,0.78,0,0.96,0.77,0,1,97809.97,0,368318.72,1,0.93,23127.56,0.03,74413,0.95,0.96,0.94,0,1,0,0.12,1,49538.87,0.05,2.59,0.75,1
"IC Snack","Kroger #201","2014/01/05",0,0,0.03,0.95,0.1,151384.99,0.59,1,1,0.04,0.02,61203.38,0,62074,1,0.04,0,0.66,0,0.96,0.59,0,0,64833.31,0.33,148356.86,0,0.94,18166.2,0.02,63341,0.98,0.96,0.97,0,0,0.33,0.12,0,19954,0.04,2.39,0.75,1
"IC King Size","Kroger #204","2014/01/05",0,0,0.03,0.9,0.1,223781.37,0.76,1,1,0.04,0.03,58893.26,0,149147,1,0.03,1,0.75,0,0.96,0.7,0,0,102581.97,0.32,431034.83,0,0.89,26853.76,0.02,77433,0.95,0.93,0.9,0,0,0.32,0.13,0,57974.18,0.04,2.89,0.75,1
"IC Pouch","Kroger #204","2014/01/05",0,0,0.03,0.9,0.1,168075.6,0.81,1,1,0.04,0.03,51337.7,0,65102,1,0.03,0,0.75,0,0.96,0.7,0,0,47757.3,0,166010.1,0,0.88,20169.07,0.02,65912,0.95,0.95,0.95,0,0,0,0.13,0,22328.36,0.04,2.55,0.75,1
"IC Peg","Kroger #216","2014/01/05",0,0,0.04,0.9,0.12,233201.01,0.81,1,1,0.05,0.03,68481.38,0,162117,1,0.03,1,0.75,0,0.96,0.73,0,0,111502.81,0,419883.03,0,0.88,27984.12,0.02,90039,0.95,0.96,0.93,0,0,0,0.11,0,56474.27,0.05,2.59,0.75,1
"IC Giant Bar","Kroger #216","2014/01/05",0,0,0.04,0.9,0.12,183174.38,0.74,1,1,0.04,0.03,52762.54,0,70764,1,0.03,0,0.75,1,0.96,0.73,0,1,45974.16,0,169125.96,0,0.84,21980.93,0.02,76642,0.95,0.95,0.94,0,0,0,0.11,0,22747.44,0.05,2.39,0.75,1
"IC Kids Gum","Kroger #217","2014/01/05",1,0,0.04,0.9,0.17,275662.6,0.72,1,1,0.04,0.03,81079.8,0,236065,1,0.02,0,0.65,0,0.96,0.5,0,0,150938.91,0,564195.35,0,0.85,33079.51,0.02,115340,0.95,0.96,0.96,0,0,0,0.15,0,75884.27,0.05,2.39,0.75,1
"IC Snack","Kroger #217","2014/01/05",0,0,0.04,0.9,0.17,215009.82,0.67,1,1,0.04,0.03,57920.14,0,103042,1,0.03,0,0.75,0,0.96,0.72,0,0,62809.88,0,225661.98,0,0.89,25801.18,0.03,98178,0.95,0.96,0.91,0,0,0,0.15,0,30351.54,0.05,2.19,0.75,1
"IC XL Bar","Kroger #201","2015/02/01",0,0,0.04,0.95,0.1,347583.18,0.61,0,0,0.06,0.05,80310.23,1,212917,0,0.02,0,0.78,0,0.96,0.77,0,0,120128.95,0,551455.03,1,0.93,41709.98,0.03,134202,0.95,0.96,0.94,0,1,0,0.12,0,74170.7,0.05,2.59,0.75,0
"IC Snack","Kroger #201","2015/02/01",0,0,0.03,0.95,0.1,108859.72,0.59,0,0,0.04,0.02,30052.44,0,58184,0,0.04,0,0.66,0,0.96,0.59,0,0,41928.03,1,139059.76,0,0.94,13063.17,0.02,45548,0.98,0.96,0.97,0,0,1,0.12,0,18703.54,0.04,2.39,0.75,0
"IC King Size","Kroger #204","2015/02/01",0,0,0.03,0.9,0.1,403588.5,0.76,0,0,0.04,0.03,83568.64,0,223307,0,0.03,0,0.75,0,0.96,0.7,0,0,125990.73,0,645357.23,0,0.89,48430.62,0.02,139650,0.95,0.93,0.9,0,0,0,0.13,0,86800.55,0.04,2.89,0.75,0
"IC Pouch","Kroger #204","2015/02/01",0,0,0.03,0.9,0.1,120862.35,0.81,0,0,0.04,0.03,25048.42,0,61022,0,0.03,0,0.75,0,0.96,0.7,0,0,30794.4,1,155606.1,0,0.88,14503.48,0.02,47397,0.95,0.95,0.95,0,0,1,0.13,0,20929.02,0.04,2.55,0.75,0
"IC Peg","Kroger #216","2015/02/01",0,0,0.04,0.9,0.12,420574.56,0.81,0,0,0.05,0.03,97174.26,0,242725,0,0.03,0,0.75,1,0.96,0.73,0,0,136946.85,0,628657.75,0,0.88,50468.95,0.02,162384,0.95,0.96,0.93,0,0,0,0.11,0,84554.47,0.05,2.59,0.75,0
"IC Giant Bar","Kroger #216","2015/02/01",0,0,0.04,0.9,0.12,131720.07,0.74,0,0,0.04,0.03,25410.96,0,66329,0,0.03,0,0.75,0,0.96,0.73,0,1,29112.06,1,158526.31,0,0.84,15806.41,0.02,55113,0.95,0.95,0.94,0,0,1,0.11,0,21321.79,0.05,2.39,0.75,0
"IC Kids Gum","Kroger #217","2015/02/01",0,0,0.04,0.9,0.17,497151.07,0.72,0,0,0.04,0.03,115052.98,0,353442,0,0.02,0,0.65,1,0.96,0.5,0,1,185381.42,0,844726.38,0,0.85,59658.13,0.02,208013,0.95,0.96,0.96,0,0,0,0.15,0,113615.7,0.05,2.39,0.75,0
"IC Snack","Kroger #217","2015/02/01",0,0,0.04,0.9,0.17,154611.81,0.67,0,0,0.04,0.03,28269.14,0,96585,0,0.03,0,0.75,0,0.96,0.72,0,0,39856.62,1,211521.15,0,0.89,18553.42,0.03,70599,0.95,0.96,0.91,0,0,1,0.15,0,28449.59,0.05,2.19,0.75,0
"IC XL Bar","Kroger #201","2015/02/15",0,0,0.04,0.95,0.1,352175.25,0.61,0,0,0.06,0.05,80034.9,0,201732,0,0.02,0,0.78,0,0.96,0.77,0,0,100084.69,0,522485.88,0,0.93,42261.03,0.03,135975,0.95,0.96,0.94,0,0,1,0.12,0,70274.35,0.05,2.59,0.75,0
"IC Snack","Kroger #201","2015/02/15",0,0,0.03,0.95,0.1,108859.72,0.59,0,0,0.04,0.02,30051.9,0,136288,0,0.04,0,0.66,0,0.96,0.59,0,0,89001.46,0,325728.32,0,0.94,13063.17,0.02,45548,0.98,0.96,0.97,0,0,0,0.12,0,43810.46,0.04,2.39,0.75,0
"IC King Size","Kroger #204","2015/02/15",0,0,0.03,0.9,0.1,408917.66,0.76,0,0,0.04,0.03,83282.66,0,211576,0,0.03,0,0.75,1,0.96,0.7,0,1,104967.21,1,611454.64,0,0.89,49070.12,0.02,141494,0.95,0.93,0.9,0,1,1,0.13,0,82240.65,0.04,2.89,0.75,0
"IC Pouch","Kroger #204","2015/02/15",0,0,0.03,0.9,0.1,120862.35,0.81,0,0,0.04,0.03,25047.91,0,142938,0,0.03,0,0.75,0,0.96,0.7,0,1,65333.57,0,364491.9,0,0.88,14503.48,0.02,47397,0.95,0.95,0.95,0,0,0,0.13,0,49024.16,0.04,2.55,0.75,0
"IC Peg","Kroger #216","2015/02/15",0,0,0.04,0.9,0.12,426130.11,0.81,0,0,0.05,0.03,96841.11,0,229974,0,0.03,0,0.75,0,0.96,0.73,0,0,114095.26,1,595632.66,0,0.88,51135.61,0.02,164529,0.95,0.96,0.93,0,0,1,0.11,0,80112.59,0.05,2.59,0.75,0
"IC Giant Bar","Kroger #216","2015/02/15",0,0,0.04,0.9,0.12,131720.07,0.74,0,0,0.04,0.03,25410.84,0,155368,0,0.03,1,0.75,0,0.96,0.73,0,0,61538.93,0,371329.52,0,0.84,15806.41,0.02,55113,0.95,0.95,0.94,0,0,0,0.11,0,49943.82,0.05,2.39,0.75,0
"IC Kids Gum","Kroger #217","2015/02/15",0,0,0.04,0.9,0.17,503718.79,0.72,0,0,0.04,0.03,114659.3,1,334875,0,0.02,0,0.65,0,0.96,0.5,0,0,154449.08,1,800351.25,1,0.85,60446.25,0.02,210761,0.95,0.96,0.96,0,1,1,0.15,0,107647.24,0.05,2.39,0.75,0
"IC Snack","Kroger #217","2015/02/15",0,0,0.04,0.9,0.17,154611.81,0.67,0,0,0.04,0.03,28268.56,1,226238,0,0.03,1,0.75,0,0.96,0.72,0,0,84285.38,0,495461.22,1,0.89,18553.42,0.03,70599,0.95,0.96,0.91,0,1,0,0.15,0,66639.53,0.05,2.19,0.75,0
"IC XL Bar","Kroger #201","2014/02/16",0,0,0.04,0.95,0.1,192734.85,0.61,1,1,0.06,0.05,56599.29,0,142208,1,0.02,0,0.78,0,0.96,0.77,0,0,97809.97,1,368318.72,0,0.93,23128.18,0.03,74415,0.95,0.96,0.94,0,0,0,0.12,0,49538.87,0.05,2.59,0.75,1
"IC Snack","Kroger #201","2014/02/16",0,1,0.03,0.95,0.1,153409.32,0.59,1,1,0.04,0.02,62090.3,0,62904,1,0.04,0,0.66,0,0.96,0.59,0,0,65802,0,150340.56,0,0.94,18409.12,0.02,64188,0.98,0.96,0.97,0,0,0,0.12,0,20220.81,0.04,2.39,0.75,1
"IC King Size","Kroger #204","2014/02/16",0,0,0.03,0.9,0.1,223790.04,0.76,1,1,0.04,0.03,58896.3,0,149147,1,0.03,0,0.75,0,0.96,0.7,0,1,102581.97,0,431034.83,0,0.89,26854.8,0.02,77436,0.95,0.93,0.9,0,0,0,0.13,0,57974.18,0.04,2.89,0.75,1
"IC Pouch","Kroger #204","2014/02/16",0,0,0.03,0.9,0.1,170322.15,0.81,0,1,0.04,0.03,52091.82,0,65973,1,0.03,0,0.75,0,0.96,0.7,0,1,48474.3,0,168231.15,0,0.88,20438.66,0.02,66793,0.95,0.95,0.95,0,0,0,0.13,0,22627.09,0.04,2.55,0.75,1
"IC Peg","Kroger #216","2014/02/16",0,0,0.04,0.9,0.12,233208.78,0.81,1,1,0.05,0.03,68484.42,0,162117,1,0.03,0,0.75,0,0.96,0.73,0,0,111502.81,0.33,419883.03,0,0.88,27985.05,0.02,90042,0.95,0.96,0.93,0,0,0.33,0.11,0,56474.27,0.05,2.59,0.75,1
"IC Giant Bar","Kroger #216","2014/02/16",0,1,0.04,0.9,0.12,185624.13,0.74,1,1,0.04,0.03,53559.97,0,71710,1,0.03,0,0.75,1,0.96,0.73,0,0,46681.54,0.32,171386.9,0,0.84,22274.9,0.02,77667,0.95,0.95,0.94,0,0,0.32,0.11,0,23051.54,0.05,2.39,0.75,1
"IC Kids Gum","Kroger #217","2014/02/16",0,0,0.04,0.9,0.17,275669.77,0.72,1,1,0.04,0.03,81084.02,1,236065,1,0.02,0,0.65,0,0.96,0.5,0,0,150938.91,0,564195.35,1,0.85,33080.37,0.02,115343,0.95,0.96,0.96,0,0,0,0.15,0,75884.27,0.05,2.39,0.75,1
"IC Snack","Kroger #217","2014/02/16",0,0,0.04,0.9,0.17,217885.29,0.67,1,1,0.04,0.03,58770.89,0,104420,1,0.03,0,0.75,0,0.96,0.72,0,0,63774.42,0,228679.8,0,0.89,26146.23,0.03,99491,0.95,0.96,0.91,0,0,0,0.15,0,30757.43,0.05,2.19,0.75,0
"IC XL Bar","Kroger #201","2014/02/02",1,0,0.04,0.95,0.1,192719.31,0.61,1,1,0.06,0.05,56594.72,0,142208,1,0.02,0,0.78,0,0.96,0.77,0,0,97808.43,0,368318.72,0,0.93,23126.32,0.03,74409,0.95,0.96,0.94,0,0,0,0.12,0,49538.87,0.05,2.59,0.75,1
"IC Snack","Kroger #201","2014/02/02",0,0,0.03,0.95,0.1,151024.1,0.59,1,1,0.04,0.02,61045.36,0,61926,1,0.04,0,0.66,0,0.96,0.59,0,0,64660.73,0,148003.14,0,0.94,18122.89,0.02,63190,0.98,0.96,0.97,0,0,0,0.12,0,19906.42,0.04,2.39,0.75,0
"IC King Size","Kroger #204","2014/02/02",0,0,0.03,0.9,0.1,223769.81,0.76,1,1,0.04,0.03,58890.22,0,149147,1,0.03,0,0.75,0,0.96,0.7,0,0,102580.44,1,431034.83,0,0.89,26852.38,0.02,77429,0.95,0.93,0.9,0,0,0,0.13,0,57974.18,0.04,2.89,0.75,1
"IC Pouch","Kroger #204","2014/02/02",0,0,0.03,0.9,0.1,167672.7,0.81,1,1,0.04,0.03,51203.4,0,64947,1,0.03,0,0.75,0,0.96,0.7,0,0,47629.81,0.33,165614.85,0,0.88,20120.72,0.02,65754,0.95,0.95,0.95,0,0,0.33,0.13,0,22275.2,0.04,2.55,0.75,1
"IC Peg","Kroger #216","2014/02/02",0,1,0.04,0.9,0.12,233188.06,0.81,1,1,0.05,0.03,68478.34,0,162117,1,0.03,0,0.75,1,0.96,0.73,0,0,111501.28,0.32,419883.03,0,0.88,27982.57,0.02,90034,0.95,0.96,0.93,0,0,0.32,0.11,0,56474.27,0.05,2.59,0.75,1
"IC Giant Bar","Kroger #216","2014/02/02",0,0,0.04,0.9,0.12,182737.01,0.74,1,1,0.04,0.03,52620.28,0,70595,1,0.03,0,0.75,0,0.96,0.73,0,1,45847.83,0,168722.05,0,0.84,21928.44,0.02,76459,0.95,0.95,0.94,0,0,0,0.11,0,22693.12,0.05,2.39,0.75,1
"IC Kids Gum","Kroger #217","2014/02/02",0,0,0.04,0.9,0.17,275645.87,0.72,1,1,0.04,0.03,81078.4,0,236065,1,0.02,0,0.65,0,0.96,0.5,0,1,150937.48,0,564195.35,0,0.85,33077.5,0.02,115333,0.95,0.96,0.96,0,0,0,0.15,0,75884.27,0.05,2.39,0.75,1
"IC Snack","Kroger #217","2014/02/02",0,0,0.04,0.9,0.17,214497.36,0.67,1,1,0.04,0.03,57768.62,0,102797,1,0.03,0,0.75,0,0.96,0.72,0,0,62637.85,0,225125.43,0,0.89,25739.68,0.03,97944,0.95,0.96,0.91,0,0,0,0.15,0,30279.37,0.05,2.19,0.75,1
"IC XL Bar","Kroger #201","2015/02/22",0,0,0.04,0.95,0.1,352188.2,0.61,1,1,0.06,0.05,80037.94,0,252684,1,0.02,0,0.78,0,0.96,0.77,0,1,104129.15,0,654451.56,0,0.93,42262.58,0.03,135980,0.95,0.96,0.94,0,0,0,0.12,0,88023.73,0.05,2.59,0.75,1
"IC Snack","Kroger #201","2015/02/22",0,0,0.03,0.95,0.1,108864.5,0.59,1,1,0.04,0.02,30054.81,0,136284,1,0.04,0,0.66,0,0.96,0.59,0,1,88985.13,0,325718.76,0,0.94,13063.74,0.02,45550,0.98,0.96,0.97,0,0,0,0.12,0,43809.17,0.04,2.39,0.75,1
"IC King Size","Kroger #204","2015/02/22",0,0,0.03,0.9,0.1,408935,0.76,1,1,0.04,0.03,83287.22,0,265014,1,0.03,0,0.75,0,0.96,0.7,0,0,109208.14,0,765890.46,0,0.89,49072.2,0.02,141500,0.95,0.93,0.9,0,0,0,0.13,0,103012.27,0.04,2.89,0.75,1
"IC Pouch","Kroger #204","2015/02/22",0,1,0.03,0.9,0.1,120864.9,0.81,1,1,0.04,0.03,25051.25,1,142933,1,0.03,0,0.75,0,0.96,0.7,0,0,65321.23,0,364479.15,1,0.88,14503.79,0.02,47398,0.95,0.95,0.95,0,1,0,0.13,0,49022.45,0.04,2.55,0.75,1
"IC Peg","Kroger #216","2015/02/22",0,0,0.04,0.9,0.12,426145.65,0.81,1,1,0.05,0.03,96845.68,0,288059,1,0.03,0,0.75,0,0.96,0.73,0,0,118706.1,0,746072.81,0,0.88,51137.48,0.02,164535,0.95,0.96,0.93,0,0,0,0.11,0,100346.79,0.05,2.59,0.75,1
"IC Giant Bar","Kroger #216","2015/02/22",0,0,0.04,0.9,0.12,131724.85,0.74,1,1,0.04,0.03,25413.6,0,155363,1,0.03,0,0.75,0,0.96,0.73,0,0,61526.97,0,371317.57,0,0.84,15806.98,0.02,55115,0.95,0.95,0.94,0,0,0,0.11,0,49942.21,0.05,2.39,0.75,1
"IC Kids Gum","Kroger #217","2015/02/22",0,0,0.04,0.9,0.17,503737.91,0.72,1,1,0.04,0.03,114663.52,0,419455,1,0.02,1,0.65,0,0.96,0.5,0,0,160691.77,0,1002497.45,0,0.85,60448.55,0.02,210769,0.95,0.96,0.96,0,0,0,0.15,0,134835.91,0.05,2.39,0.75,1
"IC Snack","Kroger #217","2015/02/22",0,0,0.04,0.9,0.17,154618.38,0.67,1,1,0.04,0.03,28271.47,0,226231,1,0.03,0,0.75,0,0.96,0.72,0,1,84268.6,0,495445.89,0,0.89,18554.21,0.03,70602,0.95,0.96,0.91,0,0,0,0.15,0,66637.47,0.05,2.19,0.75,1
"IC XL Bar","Kroger #201","2014/02/23",0,0,0.04,0.95,0.1,192714.13,0.61,0,0,0.06,0.05,56594.72,0,142207,0,0.02,0,0.78,1,0.96,0.77,0,0,97809.97,0,368316.13,0,0.93,23125.7,0.03,74407,0.95,0.96,0.94,0,0,1,0.12,0,49538.52,0.05,2.59,0.75,0
"IC Snack","Kroger #201","2014/02/23",0,0,0.03,0.95,0.1,153182.27,0.59,0,0,0.04,0.02,61989.53,0,62810,0,0.04,0,0.66,0,0.96,0.59,0,1,65690.74,0,150115.9,0,0.94,18381.87,0.02,64093,0.98,0.96,0.97,0,0,0,0.12,0,20190.59,0.04,2.39,0.75,0
"IC King Size","Kroger #204","2014/02/23",0,0,0.03,0.9,0.1,223764.03,0.76,0,0,0.04,0.03,58890.22,0,149145,0,0.03,0,0.75,1,0.96,0.7,0,1,102581.97,1,431029.05,0,0.89,26851.68,0.02,77427,0.95,0.93,0.9,0,0,1,0.13,0,57973.41,0.04,2.89,0.75,0
"IC Pouch","Kroger #204","2014/02/23",0,0,0.03,0.9,0.1,170069.7,0.81,0,0,0.04,0.03,52006.45,0,65874,0,0.03,0,0.75,0,0.96,0.7,0,0,48392.49,0,167978.7,0,0.88,20408.36,0.02,66694,0.95,0.95,0.95,0,0,0,0.13,0,22593.14,0.04,2.55,0.75,0
"IC Peg","Kroger #216","2014/02/23",0,0,0.04,0.9,0.12,233182.88,0.81,0,0,0.05,0.03,68478.34,0,162115,0,0.03,1,0.75,0,0.96,0.73,0,0,111502.81,1,419877.85,0,0.88,27981.95,0.02,90032,0.95,0.96,0.93,0,0,1,0.11,0,56473.57,0.05,2.59,0.75,0
"IC Giant Bar","Kroger #216","2014/02/23",0,0,0.04,0.9,0.12,185349.28,0.74,0,0,0.04,0.03,53468.77,0,71603,0,0.03,0,0.75,0,0.96,0.73,0,0,46600.65,0.33,171131.17,0,0.84,22241.91,0.02,77552,0.95,0.95,0.94,0,0,0.33,0.11,0,23017.14,0.05,2.39,0.75,0
"IC Kids Gum","Kroger #217","2014/02/23",0,0,0.04,0.9,0.17,275638.7,0.72,0,0,0.04,0.03,81078.4,0,236063,0,0.02,1,0.65,1,0.96,0.5,0,0,150938.91,1,564190.57,0,0.85,33076.64,0.02,115330,0.95,0.96,0.96,0,0,1,0.15,0,75883.63,0.05,2.39,0.75,0
"IC Snack","Kroger #217","2014/02/23",0,0,0.04,0.9,0.17,217563.36,0.67,0,0,0.04,0.03,58674.15,0,104264,0,0.03,0,0.75,0,0.96,0.72,0,1,63662.82,0,228338.16,0,0.89,26107.6,0.03,99344,0.95,0.96,0.91,0,0,0,0.15,1,30711.48,0.05,2.19,0.75,0
"IC XL Bar","Kroger #201","2015/02/08",0,0,0.04,0.95,0.1,347585.77,0.61,1,1,0.06,0.05,80313.28,0,209751,1,0.02,0,0.78,0,0.96,0.77,0,0,117551.85,0,543255.09,0,0.93,41710.29,0.03,134203,0.95,0.96,0.94,0,0,0,0.12,0,73067.81,0.05,2.59,0.75,1
"IC Snack","Kroger #201","2015/02/08",0,0,0.03,0.95,0.1,108864.5,0.59,1,1,0.04,0.02,30054.27,0,58184,1,0.04,0,0.66,1,0.96,0.59,0,0,41929.2,0,139059.76,0,0.94,13063.74,0.02,45550,0.98,0.96,0.97,0,0,0,0.12,0,18703.54,0.04,2.39,0.75,1
"IC King Size","Kroger #204","2015/02/08",0,1,0.03,0.9,0.1,403591.39,0.76,1,1,0.04,0.03,83573.21,0,219986,1,0.03,0,0.75,0,0.96,0.7,0,0,123287.77,0,635759.54,0,0.89,48430.97,0.02,139651,0.95,0.93,0.9,0,0,0,0.13,0,85509.66,0.04,2.89,0.75,1
"IC Pouch","Kroger #204","2015/02/08",0,0,0.03,0.9,0.1,120864.9,0.81,1,1,0.04,0.03,25049.88,0,61022,1,0.03,0,0.75,0,0.96,0.7,0,1,30796.04,0,155606.1,0,0.88,14503.79,0.02,47398,0.95,0.95,0.95,0,0,0,0.13,0,20929.02,0.04,2.55,0.75,1
"IC Peg","Kroger #216","2015/02/08",0,0,0.04,0.9,0.12,420577.15,0.81,1,1,0.05,0.03,97178.82,0,239116,1,0.03,0,0.75,0,0.96,0.73,0,1,134009.05,0,619310.44,0,0.88,50469.26,0.02,162385,0.95,0.96,0.93,0,0,0,0.11,0,83297.25,0.05,2.59,0.75,1
"IC Giant Bar","Kroger #216","2015/02/08",0,0,0.04,0.9,0.12,131724.85,0.74,1,1,0.04,0.03,25412.22,0,66329,1,0.03,0,0.75,0,0.96,0.73,0,0,29113.55,0,158526.31,0,0.84,15806.98,0.02,55115,0.95,0.95,0.94,0,0,0,0.11,0,21321.79,0.05,2.39,0.75,1
"IC Kids Gum","Kroger #217","2015/02/08",0,1,0.04,0.9,0.17,497153.46,0.72,1,1,0.04,0.03,115057.2,0,348186,1,0.02,0,0.65,0,0.96,0.5,0,0,181404.65,0,832164.54,0,0.85,59658.42,0.02,208014,0.95,0.96,0.96,0,0,0,0.15,0,111926.13,0.05,2.39,0.75,1
"IC Snack","Kroger #217","2015/02/08",0,0,0.04,0.9,0.17,154618.38,0.67,1,1,0.04,0.03,28270.89,0,96585,1,0.03,0,0.75,1,0.96,0.72,0,0,39857.32,0,211521.15,0,0.89,18554.21,0.03,70602,0.95,0.96,0.91,0,0,0,0.15,0,28449.59,0.05,2.19,0.75,1
"IC XL Bar","Kroger #201","2014/02/09",0,0,0.04,0.95,0.1,192714.13,0.61,0,0,0.06,0.05,56594.72,0,142209,0,0.02,0,0.78,0,0.96,0.77,0,0,97809.97,0,368321.31,0,0.93,23125.7,0.03,74407,0.95,0.96,0.94,0,0,0,0.12,0,49539.22,0.05,2.59,0.75,0
"IC Snack","Kroger #201","2014/02/09",0,0,0.03,0.95,0.1,150660.82,0.59,0,0,0.04,0.02,60886.02,0,61777,0,0.04,0,0.66,0,0.96,0.59,0,0,64486.57,1,147647.03,0,0.94,18079.3,0.02,63038,0.98,0.96,0.97,0,0,1,0.12,0,19858.53,0.04,2.39,0.75,0
"IC King Size","Kroger #204","2014/02/09",0,0,0.03,0.9,0.1,223764.03,0.76,0,0,0.04,0.03,58890.22,0,149148,0,0.03,0,0.75,0,0.96,0.7,0,0,102581.97,0,431037.72,0,0.89,26851.68,0.02,77427,0.95,0.93,0.9,0,0,0,0.13,0,57974.57,0.04,2.89,0.75,0
"IC Pouch","Kroger #204","2014/02/09",0,0,0.03,0.9,0.1,167269.8,0.81,0,0,0.04,0.03,51067.14,0,64791,0,0.03,0,0.75,0,0.96,0.7,0,0,47501.2,1,165217.05,0,0.88,20072.38,0.02,65596,0.95,0.95,0.95,0,0,1,0.13,0,22221.69,0.04,2.55,0.75,0
"IC Peg","Kroger #216","2014/02/09",0,0,0.04,0.9,0.12,233182.88,0.81,0,0,0.05,0.03,68478.34,0,162118,0,0.03,0,0.75,0,0.96,0.73,0,1,111502.81,0.33,419885.62,0,0.88,27981.95,0.02,90032,0.95,0.96,0.93,0,0,0.33,0.11,0,56474.62,0.05,2.59,0.75,0
"IC Giant Bar","Kroger #216","2014/02/09",0,0,0.04,0.9,0.12,182297.25,0.74,0,0,0.04,0.03,52476.93,0,70425,0,0.03,0,0.75,0,0.96,0.73,0,1,45720.43,1,168315.75,0,0.84,21875.67,0.02,76275,0.95,0.95,0.94,0,0,1,0.11,0,22638.47,0.05,2.39,0.75,0
"IC Kids Gum","Kroger #217","2014/02/09",0,0,0.04,0.9,0.17,275638.7,0.72,0,0,0.04,0.03,81078.4,0,236066,0,0.02,0,0.65,0,0.96,0.5,0,0,150938.91,0,564197.74,0,0.85,33076.64,0.02,115330,0.95,0.96,0.96,0,0,0,0.15,0,75884.6,0.05,2.39,0.75,0
"IC Snack","Kroger #217","2014/02/09",0,0,0.04,0.9,0.17,213980.52,0.67,0,0,0.04,0.03,57616.07,0,102549,0,0.03,1,0.75,0,0.96,0.72,0,0,62464.52,1,224582.31,0,0.89,25677.66,0.03,97708,0.95,0.96,0.91,0,0,1,0.15,0,30206.32,0.05,2.19,0.75,0
"IC XL Bar","Kroger #201","2015/03/01",0,0,0.04,0.95,0.1,352172.66,0.61,0,0,0.06,0.05,80034.9,0,249869,0,0.02,0,0.78,0,0.96,0.77,0,1,117487.39,0,647160.71,0,0.93,42260.72,0.03,135974,0.95,0.96,0.94,0,0,0,0.12,0,87043.12,0.05,2.59,0.75,0
"IC Snack","Kroger #201","2015/03/01",0,0,0.03,0.95,0.1,108852.55,0.59,0,0,0.04,0.02,30049.58,0,136297,0,0.04,0,0.66,0,0.96,0.59,0,0,89001.46,1,325749.83,0,0.94,13062.31,0.02,45545,0.98,0.96,0.97,0,0,1,0.12,0,43813.35,0.04,2.39,0.75,0
"IC King Size","Kroger #204","2015/03/01",0,0,0.03,0.9,0.1,408917.66,0.76,0,0,0.04,0.03,83282.66,0,262062,0,0.03,1,0.75,0,0.96,0.7,0,0,123220.24,0,757359.18,0,0.89,49070.12,0.02,141494,0.95,0.93,0.9,0,0,0,0.13,0,101864.81,0.04,2.89,0.75,0
"IC Pouch","Kroger #204","2015/03/01",0,0,0.03,0.9,0.1,120852.15,0.81,0,0,0.04,0.03,25046.11,0,142947,0,0.03,0,0.75,1,0.96,0.7,0,0,65333.57,1,364514.85,0,0.88,14502.26,0.02,47393,0.95,0.95,0.95,0,0,1,0.13,0,49027.25,0.04,2.55,0.75,0
"IC Peg","Kroger #216","2015/03/01",0,0,0.04,0.9,0.12,426127.52,0.81,0,0,0.05,0.03,96841.11,0,284850,0,0.03,1,0.75,0,0.96,0.73,0,0,133935.37,0,737761.5,0,0.88,51135.3,0.02,164528,0.95,0.96,0.93,0,0,0,0.11,0,99228.92,0.05,2.59,0.75,0
"IC Giant Bar","Kroger #216","2015/03/01",0,0,0.04,0.9,0.12,131710.51,0.74,0,0,0.04,0.03,25408.93,0,155378,0,0.03,0,0.75,1,0.96,0.73,0,1,61538.93,0,371353.42,0,0.84,15805.26,0.02,55109,0.95,0.95,0.94,0,0,1,0.11,0,49947.03,0.05,2.39,0.75,0
"IC Kids Gum","Kroger #217","2015/03/01",1,0,0.04,0.9,0.17,503714.01,0.72,0,0,0.04,0.03,114659.3,0,414782,0,0.02,0,0.65,0,0.96,0.5,0,0,181306.19,0,991328.98,0,0.85,60445.68,0.02,210759,0.95,0.96,0.96,0,0,0,0.15,0,133333.75,0.05,2.39,0.75,0
"IC Snack","Kroger #217","2015/03/01",0,0,0.04,0.9,0.17,154600.86,0.67,0,0,0.04,0.03,28266.29,0,226253,0,0.03,0,0.75,0,0.96,0.72,0,0,84285.38,1,495494.07,0,0.89,18552.1,0.03,70594,0.95,0.96,0.91,0,0,1,0.15,0,66643.95,0.05,2.19,0.75,0
"IC XL Bar","Kroger #201","2015/03/15",0,0,0.04,0.95,0.1,345052.75,0.61,0,0,0.06,0.05,80310.23,0,140960,0,0.02,0,0.78,0,0.96,0.77,0,0,70924.66,1,365086.4,0,0.93,41406.33,0.03,133225,0.95,0.96,0.94,0,0,1,0.12,0,49104.12,0.05,2.59,0.75,0
"IC Snack","Kroger #201","2015/03/15",0,0,0.03,0.95,0.1,108857.33,0.59,0,0,0.04,0.02,30051.67,0,58185,0,0.04,1,0.66,1,0.96,0.59,0,0,41929.2,0,139062.15,0,0.94,13062.88,0.02,45547,0.98,0.96,0.97,0,0,0,0.12,0,18703.86,0.04,2.39,0.75,0
"IC King Size","Kroger #204","2015/03/15",0,0,0.03,0.9,0.1,400649.37,0.76,0,0,0.04,0.03,83568.64,0,147838,0,0.03,0,0.75,0,0.96,0.7,0,1,74384.32,0,427251.82,0,0.89,48077.92,0.02,138633,0.95,0.93,0.9,0,0,1,0.13,0,57465.37,0.04,2.89,0.75,0
"IC Pouch","Kroger #204","2015/03/15",1,0,0.03,0.9,0.1,120857.25,0.81,0,0,0.04,0.03,25047.83,0,61023,0,0.03,0,0.75,0,0.96,0.7,0,0,30796.04,0,155608.65,0,0.88,14502.87,0.02,47395,0.95,0.95,0.95,0,0,0,0.13,0,20929.36,0.04,2.55,0.75,0
"IC Peg","Kroger #216","2015/03/15",0,0,0.04,0.9,0.12,417513.18,0.81,0,0,0.05,0.03,97174.26,0,160694,0,0.03,0,0.75,0,0.96,0.73,0,0,80853.93,1,416197.46,0,0.88,50101.58,0.02,161202,0.95,0.96,0.93,0,0,1,0.11,0,55978.56,0.05,2.59,0.75,0
"IC Giant Bar","Kroger #216","2015/03/15",0,0,0.04,0.9,0.12,131715.29,0.74,0,0,0.04,0.03,25410.49,0,66330,0,0.03,0,0.75,0,0.96,0.73,0,0,29113.55,0,158528.7,0,0.84,15805.83,0.02,55111,0.95,0.95,0.94,0,0,0,0.11,0,21322.11,0.05,2.39,0.75,0
"IC Kids Gum","Kroger #217","2015/03/15",0,0,0.04,0.9,0.17,493530.22,0.72,0,0,0.04,0.03,115052.98,1,233993,0,0.02,0,0.65,0,0.96,0.5,0,0,109450.36,1,559243.27,1,0.85,59223.63,0.02,206498,0.95,0.96,0.96,0,1,1,0.15,0,75218.22,0.05,2.39,0.75,0
"IC Snack","Kroger #217","2015/03/15",0,1,0.04,0.9,0.17,154607.43,0.67,0,0,0.04,0.03,28268.23,0,96587,0,0.03,0,0.75,0,0.96,0.72,0,0,39857.32,0,211525.53,0,0.89,18552.89,0.03,70597,0.95,0.96,0.91,0,0,0,0.15,0,28450.18,0.05,2.19,0.75,0
"IC XL Bar","Kroger #201","2014/03/16",0,0,0.04,0.95,0.1,192727.08,0.61,1,1,0.06,0.05,56594.72,0,142211,1,0.02,0,0.78,0,0.96,0.77,0,0,97813.04,0,368326.49,0,0.93,23127.25,0.03,74412,0.95,0.96,0.94,0,0,0,0.12,0,49539.91,0.05,2.59,0.75,1
"IC Snack","Kroger #201","2014/03/16",0,0,0.03,0.95,0.1,152742.51,0.59,1,1,0.04,0.02,61797.79,0,62630,1,0.04,0,0.66,0,0.96,0.59,0,0,65481.67,0,149685.7,0,0.94,18329.1,0.02,63909,0.98,0.96,0.97,0,0,0,0.12,0,20132.73,0.04,2.39,0.75,1
"IC King Size","Kroger #204","2014/03/16",0,0,0.03,0.9,0.1,223778.48,0.76,1,1,0.04,0.03,58890.22,0,149150,1,0.03,1,0.75,0,0.96,0.7,0,0,102585.04,0,431043.5,0,0.89,26853.42,0.02,77432,0.95,0.93,0.9,0,0,0,0.13,0,57975.35,0.04,2.89,0.75,1
"IC Pouch","Kroger #204","2014/03/16",0,0,0.03,0.9,0.1,169580.1,0.81,1,1,0.04,0.03,51843.24,0,65686,1,0.03,0,0.75,0,0.96,0.7,0,1,48237.64,0,167499.3,0,0.88,20349.61,0.02,66502,0.95,0.95,0.95,0,0,0,0.13,0,22528.66,0.04,2.55,0.75,0
"IC Peg","Kroger #216","2014/03/16",0,0,0.04,0.9,0.12,233198.42,0.81,1,1,0.05,0.03,68478.34,0,162120,1,0.03,0,0.75,1,0.96,0.73,0,0,111505.88,0,419890.8,0,0.88,27983.81,0.02,90038,0.95,0.96,0.93,0,0,0,0.11,0,56475.31,0.05,2.59,0.75,1
"IC Giant Bar","Kroger #216","2014/03/16",0,0,0.04,0.9,0.12,184816.31,0.74,1,1,0.04,0.03,53296.61,0,71398,1,0.03,0,0.75,0,0.96,0.73,0,0,46448.08,0,170641.22,0,0.84,22177.96,0.02,77329,0.95,0.95,0.94,0,0,0,0.11,0,22951.24,0.05,2.39,0.75,1
"IC Kids Gum","Kroger #217","2014/03/16",0,0,0.04,0.9,0.17,275657.82,0.72,1,1,0.04,0.03,81078.4,0,236070,1,0.02,0,0.65,0,0.96,0.5,0,0,150944.62,0.33,564207.3,0,0.85,33078.94,0.02,115338,0.95,0.96,0.96,0,0,0.33,0.15,0,75885.88,0.05,2.39,0.75,1
"IC Snack","Kroger #217","2014/03/16",0,0,0.04,0.9,0.17,216937.02,0.67,1,1,0.04,0.03,58490.58,0,103965,1,0.03,0,0.75,0,0.96,0.72,0,0,63455.33,0.32,227683.35,0,0.89,26032.44,0.03,99058,0.95,0.96,0.91,0,0,0.32,0.15,0,30623.41,0.05,2.19,0.75,1
"IC XL Bar","Kroger #201","2014/03/02",0,0,0.04,0.95,0.1,192719.31,0.61,1,1,0.06,0.05,56594.72,0,142209,1,0.02,0,0.78,0,0.96,0.77,0,1,97808.43,0,368321.31,0,0.93,23126.32,0.03,74409,0.95,0.96,0.94,0,0,0,0.12,0,49539.22,0.05,2.59,0.75,1
"IC Snack","Kroger #201","2014/03/02",0,0,0.03,0.95,0.1,152998.24,0.59,1,1,0.04,0.02,61910.31,1,62735,1,0.04,0,0.66,0,0.96,0.59,0,0,65604.93,0,149936.65,1,0.94,18359.79,0.02,64016,0.98,0.96,0.97,0,1,0,0.12,0,20166.48,0.04,2.39,0.75,1
"IC King Size","Kroger #204","2014/03/02",0,1,0.03,0.9,0.1,223769.81,0.76,1,1,0.04,0.03,58890.22,0,149148,1,0.03,0,0.75,0,0.96,0.7,0,0,102580.44,0,431037.72,0,0.89,26852.38,0.02,77429,0.95,0.93,0.9,0,0,0,0.13,0,57974.57,0.04,2.89,0.75,0
"IC Pouch","Kroger #204","2014/03/02",0,0,0.03,0.9,0.1,169865.7,0.81,1,1,0.04,0.03,51938.71,0,65795,1,0.03,0,0.75,1,0.96,0.7,0,0,48328.71,0,167777.25,0,0.88,20383.88,0.02,66614,0.95,0.95,0.95,0,0,0,0.13,0,22566.04,0.04,2.55,0.75,1
"IC Peg","Kroger #216","2014/03/02",0,0,0.04,0.9,0.12,233188.06,0.81,1,1,0.05,0.03,68478.34,0,162118,1,0.03,0,0.75,0,0.96,0.73,0,0,111501.28,0,419885.62,0,0.88,27982.57,0.02,90034,0.95,0.96,0.93,0,0,0,0.11,0,56474.62,0.05,2.59,0.75,0
"IC Giant Bar","Kroger #216","2014/03/02",0,0,0.04,0.9,0.12,185127.01,0.74,1,1,0.04,0.03,53398.28,0,71517,1,0.03,1,0.75,0,0.96,0.73,0,0,46538.02,0.33,170925.63,0,0.84,22215.24,0.02,77459,0.95,0.95,0.94,0,0,0.33,0.11,1,22989.5,0.05,2.39,0.75,1
"IC Kids Gum","Kroger #217","2014/03/02",0,0,0.04,0.9,0.17,275645.87,0.72,1,1,0.04,0.03,81078.4,0,236066,1,0.02,0,0.65,0,0.96,0.5,0,1,150937.48,0.32,564197.74,0,0.85,33077.5,0.02,115333,0.95,0.96,0.96,0,0,0.32,0.15,0,75884.6,0.05,2.39,0.75,1
"IC Snack","Kroger #217","2014/03/02",0,0,0.04,0.9,0.17,217300.56,0.67,1,1,0.04,0.03,58598.65,0,104140,1,0.03,0,0.75,0,0.96,0.72,0,0,63577.92,0,228066.6,0,0.89,26076.07,0.03,99224,0.95,0.96,0.91,0,0,0,0.15,0,30674.96,0.05,2.19,0.75,1
"IC XL Bar","Kroger #201","2015/03/22",0,0,0.04,0.95,0.1,345052.75,0.61,1,1,0.06,0.05,80313.28,0,113610,1,0.02,1,0.78,0,0.96,0.77,0,0,50498.21,0,294249.9,0,0.93,41406.33,0.03,133225,0.95,0.96,0.94,0,0,0,0.12,0,39576.61,0.05,2.59,0.75,1
"IC Snack","Kroger #201","2015/03/22",0,0,0.03,0.95,0.1,108866.89,0.59,1,1,0.04,0.02,30055.04,0,141103,1,0.04,0,0.66,0,0.96,0.59,0,1,95765.08,0,337236.17,0,0.94,13064.03,0.02,45551,0.98,0.96,0.97,0,0,0,0.12,0,45358.26,0.04,2.39,0.75,1
"IC King Size","Kroger #204","2015/03/22",0,0,0.03,0.9,0.1,400649.37,0.76,0,1,0.04,0.03,83573.21,0,119153,1,0.03,0,0.75,0,0.96,0.7,0,0,52961.72,1,344352.17,0,0.89,48077.92,0.02,138633,0.95,0.93,0.9,0,0,0,0.13,0,46315.37,0.04,2.89,0.75,1
"IC Pouch","Kroger #204","2015/03/22",0,0,0.03,0.9,0.1,120867.45,0.81,1,1,0.04,0.03,25050.47,0,147988,1,0.03,0,0.75,0,0.96,0.7,0,0,70289.93,0,377369.4,0,0.88,14504.09,0.02,47399,0.95,0.95,0.95,0,0,0,0.13,0,50756.18,0.04,2.55,0.75,1
"IC Peg","Kroger #216","2015/03/22",0,0,0.04,0.9,0.12,417513.18,0.81,1,1,0.05,0.03,97178.82,0,129515,1,0.03,0,0.75,0,0.96,0.73,0,0,57567.96,0,335443.85,0,0.88,50101.58,0.02,161202,0.95,0.96,0.93,0,0,0,0.11,0,45117.2,0.05,2.59,0.75,1
"IC Giant Bar","Kroger #216","2015/03/22",0,0,0.04,0.9,0.12,131727.24,0.74,1,1,0.04,0.03,25413.17,0,160857,1,0.03,0,0.75,0,0.96,0.73,0,0,66147.68,0,384448.23,0,0.84,15807.27,0.02,55116,0.95,0.95,0.94,0,0,0,0.11,0,51708.29,0.05,2.39,0.75,1
"IC Kids Gum","Kroger #217","2015/03/22",0,0,0.04,0.9,0.17,493530.22,0.72,1,1,0.04,0.03,115057.2,0,188592,1,0.02,0,0.65,0,0.96,0.5,0,0,77928.72,0,450734.88,0,0.85,59223.63,0.02,206498,0.95,0.96,0.96,0,0,0,0.15,0,60623.84,0.05,2.39,0.75,1
"IC Snack","Kroger #217","2015/03/22",0,0,0.04,0.9,0.17,154622.76,0.67,1,1,0.04,0.03,28271.8,0,234230,1,0.03,0,0.75,1,0.96,0.72,0,1,90605.86,0,512963.7,0,0.89,18554.73,0.03,70604,0.95,0.96,0.91,0,0,0,0.15,0,68993.62,0.05,2.19,0.75,1
"IC XL Bar","Kroger #201","2014/03/23",0,0,0.04,0.95,0.1,192714.13,0.61,0,0,0.06,0.05,56594.72,0,142211,0,0.02,1,0.78,0,0.96,0.77,0,0,97809.97,1,368326.49,0,0.93,23125.7,0.03,74407,0.95,0.96,0.94,0,0,1,0.12,0,49539.91,0.05,2.59,0.75,0
"IC Snack","Kroger #201","2014/03/23",0,0,0.03,0.95,0.1,150780.32,0.59,0,0,0.04,0.02,60938.34,0,61826,0,0.04,0,0.66,1,0.96,0.59,0,1,64543.71,0,147764.14,0,0.94,18093.64,0.02,63088,0.98,0.96,0.97,0,0,0,0.12,0,19874.28,0.04,2.39,0.75,0
"IC King Size","Kroger #204","2014/03/23",1,0,0.03,0.9,0.1,223764.03,0.76,0,0,0.04,0.03,58890.22,0,149150,0,0.03,0,0.75,0,0.96,0.7,0,0,102581.97,1,431043.5,0,0.89,26851.68,0.02,77427,0.95,0.93,0.9,0,0,1,0.13,0,57975.35,0.04,2.89,0.75,0
"IC Pouch","Kroger #204","2014/03/23",0,0,0.03,0.9,0.1,167402.4,0.81,0,0,0.04,0.03,51111.62,0,64842,0,0.03,0,0.75,0,0.96,0.7,0,0,47543.15,0,165347.1,0,0.88,20088.29,0.02,65648,0.95,0.95,0.95,0,0,0,0.13,0,22239.18,0.04,2.55,0.75,0
"IC Peg","Kroger #216","2014/03/23",0,0,0.04,0.9,0.12,233182.88,0.81,0,0,0.05,0.03,68478.34,1,162120,0,0.03,0,0.75,0,0.96,0.73,0,0,111502.81,1,419890.8,1,0.88,27981.95,0.02,90032,0.95,0.96,0.93,0,1,1,0.11,0,56475.31,0.05,2.59,0.75,0
"IC Giant Bar","Kroger #216","2014/03/23",0,0,0.04,0.9,0.12,182443.04,0.74,0,0,0.04,0.03,52523.58,0,70481,0,0.03,0,0.75,1,0.96,0.73,0,0,45762.29,0,168449.59,0,0.84,21893.16,0.02,76336,0.95,0.95,0.94,0,0,0,0.11,0,22656.47,0.05,2.39,0.75,0
"IC Kids Gum","Kroger #217","2014/03/23",0,1,0.04,0.9,0.17,275638.7,0.72,0,0,0.04,0.03,81078.4,0,236070,0,0.02,0,0.65,0,0.96,0.5,0,0,150938.91,1,564207.3,0,0.85,33076.64,0.02,115330,0.95,0.96,0.96,0,0,1,0.15,0,75885.88,0.05,2.39,0.75,0
"IC Snack","Kroger #217","2014/03/23",0,0,0.04,0.9,0.17,214151.34,0.67,0,0,0.04,0.03,57665.93,0,102631,0,0.03,0,0.75,0,0.96,0.72,0,1,62521.16,0.33,224761.89,0,0.89,25698.16,0.03,97786,0.95,0.96,0.91,0,0,0.33,0.15,0,30230.47,0.05,2.19,0.75,0
"IC XL Bar","Kroger #201","2015/03/29",1,0,0.04,0.95,0.1,345050.16,0.61,0,0,0.06,0.05,80308.71,0,113618,0,0.02,0,0.78,0,0.96,0.77,0,0,50507.42,0,294270.62,0,0.93,41406.02,0.03,133224,0.95,0.96,0.94,0,0,0,0.12,0,39579.4,0.05,2.59,0.75,0
"IC Snack","Kroger #201","2015/03/29",0,0,0.03,0.95,0.1,108866.89,0.59,0,0,0.04,0.02,30055.04,1,141125,0,0.04,0,0.66,0,0.96,0.59,0,0,95786.7,1,337288.75,1,0.94,13064.03,0.02,45551,0.98,0.96,0.97,0,1,1,0.12,0,45365.34,0.04,2.39,0.75,0
"IC King Size","Kroger #204","2015/03/29",0,0,0.03,0.9,0.1,400646.48,0.76,0,0,0.04,0.03,83567.12,0,119162,0,0.03,0,0.75,1,0.96,0.7,0,0,52970.93,0,344378.18,0,0.89,48077.58,0.02,138632,0.95,0.93,0.9,0,0,0,0.13,0,46318.87,0.04,2.89,0.75,0
"IC Pouch","Kroger #204","2015/03/29",0,0,0.03,0.9,0.1,120867.45,0.81,0,0,0.04,0.03,25050.47,0,148011,0,0.03,0,0.75,0,0.96,0.7,0,0,70305.11,0,377428.05,0,0.88,14504.09,0.02,47399,0.95,0.95,0.95,0,0,1,0.13,0,50764.07,0.04,2.55,0.75,0
"IC Peg","Kroger #216","2015/03/29",0,1,0.04,0.9,0.12,417510.59,0.81,0,0,0.05,0.03,97172.73,0,129524,0,0.03,0,0.75,1,0.96,0.73,0,0,57577.17,0,335467.16,0,0.88,50101.27,0.02,161201,0.95,0.96,0.93,0,0,0,0.11,0,45120.33,0.05,2.59,0.75,0
"IC Giant Bar","Kroger #216","2015/03/29",0,0,0.04,0.9,0.12,131727.24,0.74,0,0,0.04,0.03,25413.17,0,160882,0,0.03,0,0.75,0,0.96,0.73,0,1,66162.99,1,384507.98,0,0.84,15807.27,0.02,55116,0.95,0.95,0.94,0,0,1,0.11,0,51716.32,0.05,2.39,0.75,0
"IC Kids Gum","Kroger #217","2015/03/29",0,0,0.04,0.9,0.17,493527.83,0.72,0,0,0.04,0.03,115051.57,0,188605,0,0.02,0,0.65,0,0.96,0.5,0,1,77941.56,0,450765.95,0,0.85,59223.34,0.02,206497,0.95,0.96,0.96,0,0,0,0.15,0,60628.02,0.05,2.39,0.75,0
"IC Snack","Kroger #217","2015/03/29",0,0,0.04,0.9,0.17,154622.76,0.67,0,0,0.04,0.03,28271.8,0,234267,0,0.03,0,0.75,0,0.96,0.72,0,0,90626.71,1,513044.73,0,0.89,18554.73,0.03,70604,0.95,0.96,0.91,0,0,1,0.15,0,69004.52,0.05,2.19,0.75,0
"IC XL Bar","Kroger #201","2014/03/30",0,0,0.04,0.95,0.1,192734.85,0.61,1,1,0.06,0.05,56599.29,0,142207,1,0.02,0,0.78,0,0.96,0.77,0,1,97808.43,0,368316.13,0,0.93,23128.18,0.03,74415,0.95,0.96,0.94,0,0,0,0.12,0,49538.52,0.05,2.59,0.75,1
"IC Snack","Kroger #201","2014/03/30",0,0,0.03,0.95,0.1,152455.71,0.59,0,1,0.04,0.02,61671.94,0,62513,1,0.04,0,0.66,0,0.96,0.59,0,0,65344.82,0,149406.07,0,0.94,18294.69,0.02,63789,0.98,0.96,0.97,0,0,0,0.12,0,20095.12,0.04,2.39,0.75,1
"IC King Size","Kroger #204","2014/03/30",0,0,0.03,0.9,0.1,223790.04,0.76,1,1,0.04,0.03,58896.3,0,149145,1,0.03,0,0.75,1,0.96,0.7,0,0,102580.44,0,431029.05,0,0.89,26854.8,0.02,77436,0.95,0.93,0.9,0,0,0,0.13,0,57973.41,0.04,2.89,0.75,1
"IC Pouch","Kroger #204","2014/03/30",0,0,0.03,0.9,0.1,169263.9,0.81,0,1,0.04,0.03,51735.2,0,65562,1,0.03,0,0.75,0,0.96,0.7,0,0,48136.17,0,167183.1,0,0.88,20311.67,0.02,66378,0.95,0.95,0.95,0,0,0,0.13,0,22486.13,0.04,2.55,0.75,1
"IC Peg","Kroger #216","2014/03/30",0,0,0.04,0.9,0.12,233208.78,0.81,1,1,0.05,0.03,68484.42,0,162115,1,0.03,0,0.75,0,0.96,0.73,0,0,111501.28,0,419877.85,0,0.88,27985.05,0.02,90042,0.95,0.96,0.93,0,0,0,0.11,0,56473.57,0.05,2.59,0.75,1
"IC Giant Bar","Kroger #216","2014/03/30",0,0,0.04,0.9,0.12,184469.76,0.74,0,1,0.04,0.03,53182.81,0,71264,1,0.03,0,0.75,0,0.96,0.73,0,0,46347.58,0,170320.96,0,0.84,22136.37,0.02,77184,0.95,0.95,0.94,0,0,0,0.11,0,22908.17,0.05,2.39,0.75,1
"IC Kids Gum","Kroger #217","2014/03/30",0,0,0.04,0.9,0.17,275669.77,0.72,1,1,0.04,0.03,81084.02,0,236063,1,0.02,0,0.65,0,0.96,0.5,0,1,150937.48,0,564190.57,0,0.85,33080.37,0.02,115343,0.95,0.96,0.96,0,0,0,0.15,0,75883.63,0.05,2.39,0.75,0
"IC Snack","Kroger #217","2014/03/30",0,0,0.04,0.9,0.17,216529.68,0.67,1,1,0.04,0.03,58369.76,0,103771,1,0.03,0,0.75,0,0.96,0.72,0,1,63319.06,0.33,227258.49,0,0.89,25983.56,0.03,98872,0.95,0.96,0.91,0,0,0.33,0.15,0,30566.27,0.05,2.19,0.75,1
"IC XL Bar","Kroger #201","2015/03/08",0,1,0.04,0.95,0.1,345055.34,0.61,1,1,0.06,0.05,80313.28,1,179747,1,0.02,0,0.78,1,0.96,0.77,0,0,86732.59,0,465544.73,1,0.93,41406.64,0.03,133226,0.95,0.96,0.94,0,1,0,0.12,0,62615.77,0.05,2.59,0.75,1
"IC Snack","Kroger #201","2015/03/08",0,0,0.03,0.95,0.1,108859.72,0.59,1,1,0.04,0.02,30052.71,0,58179,1,0.04,0,0.66,0,0.96,0.59,0,0,41928.03,0,139047.81,0,0.94,13063.17,0.02,45548,0.98,0.96,0.97,0,0,0,0.12,0,18701.93,0.04,2.39,0.75,1
"IC King Size","Kroger #204","2015/03/08",0,0,0.03,0.9,0.1,400652.26,0.76,1,1,0.04,0.03,83573.21,0,188518,1,0.03,0,0.75,0,0.96,0.7,0,0,90962.78,0,544817.02,0,0.89,48078.27,0.02,138634,0.95,0.93,0.9,0,0,0,0.13,0,73277.89,0.04,2.89,0.75,1
"IC Pouch","Kroger #204","2015/03/08",0,0,0.03,0.9,0.1,120862.35,0.81,1,1,0.04,0.03,25048.68,0,61018,1,0.03,1,0.75,0,0.96,0.7,0,0,30794.4,0,155595.9,0,0.88,14503.48,0.02,47397,0.95,0.95,0.95,0,0,0,0.13,0,20927.65,0.04,2.55,0.75,1
"IC Peg","Kroger #216","2015/03/08",0,0,0.04,0.9,0.12,417515.77,0.81,0,1,0.05,0.03,97178.82,1,204911,1,0.03,0,0.75,0,0.96,0.73,0,1,98873.65,0,530719.49,1,0.88,50101.89,0.02,161203,0.95,0.96,0.93,0,1,0,0.11,0,71381.77,0.05,2.59,0.75,0
"IC Giant Bar","Kroger #216","2015/03/08",0,0,0.04,0.9,0.12,131720.07,0.74,0,1,0.04,0.03,25411.26,0,66324,1,0.03,0,0.75,0,0.96,0.73,0,0,29112.06,0,158514.36,0,0.84,15806.41,0.02,55113,0.95,0.95,0.94,0,0,0,0.11,0,21320.18,0.05,2.39,0.75,1
"IC Kids Gum","Kroger #217","2015/03/08",0,0,0.04,0.9,0.17,493535,0.72,1,1,0.04,0.03,115057.2,0,298380,1,0.02,0,0.65,1,0.96,0.5,0,0,133844.65,0,713128.2,0,0.85,59224.2,0.02,206500,0.95,0.96,0.96,0,0,0,0.15,0,95915.74,0.05,2.39,0.75,1
"IC Snack","Kroger #217","2015/03/08",0,0,0.04,0.9,0.17,154611.81,0.67,1,1,0.04,0.03,28269.53,0,96577,1,0.03,0,0.75,0,0.96,0.72,0,0,39856.62,0,211503.63,0,0.89,18553.42,0.03,70599,0.95,0.96,0.91,0,0,0,0.15,0,28447.24,0.05,2.19,0.75,1
"IC XL Bar","Kroger #201","2014/03/09",0,0,0.04,0.95,0.1,192716.72,0.61,0,0,0.06,0.05,56596.25,0,142208,0,0.02,0,0.78,0,0.96,0.77,0,0,97809.97,0,368318.72,0,0.93,23126.01,0.03,74408,0.95,0.96,0.94,0,1,0,0.12,0,49538.87,0.05,2.59,0.75,0
"IC Snack","Kroger #201","2014/03/09",0,0,0.03,0.95,0.1,152742.51,0.59,0,0,0.04,0.02,61797.52,0,62630,0,0.04,1,0.66,0,0.96,0.59,0,0,65481.26,1,149685.7,0,0.94,18329.1,0.02,63909,0.98,0.96,0.97,0,0,1,0.12,0,20132.73,0.04,2.39,0.75,0
"IC King Size","Kroger #204","2014/03/09",0,0,0.03,0.9,0.1,223766.92,0.76,0,0,0.04,0.03,58893.26,0,149147,0,0.03,0,0.75,0,0.96,0.7,0,0,102581.97,0,431034.83,0,0.89,26852.03,0.02,77428,0.95,0.93,0.9,0,0,0,0.13,0,57974.18,0.04,2.89,0.75,0
"IC Pouch","Kroger #204","2014/03/09",0,0,0.03,0.9,0.1,169580.1,0.81,0,0,0.04,0.03,51842.99,0,65686,0,0.03,1,0.75,0,0.96,0.7,0,0,48236.52,1,167499.3,0,0.88,20349.61,0.02,66502,0.95,0.95,0.95,0,0,1,0.13,0,22528.66,0.04,2.55,0.75,0
"IC Peg","Kroger #216","2014/03/09",0,0,0.04,0.9,0.12,233185.47,0.81,0,0,0.05,0.03,68481.38,0,162117,0,0.03,0,0.75,0,0.96,0.73,0,1,111502.81,0,419883.03,0,0.88,27982.26,0.02,90033,0.95,0.96,0.93,0,0,0,0.11,0,56474.27,0.05,2.59,0.75,0
"IC Giant Bar","Kroger #216","2014/03/09",1,0,0.04,0.9,0.12,184816.31,0.74,0,0,0.04,0.03,53296.31,0,71398,0,0.03,0,0.75,0,0.96,0.73,0,0,46447,1,170641.22,0,0.84,22177.96,0.02,77329,0.95,0.95,0.94,0,0,1,0.11,0,22951.24,0.05,2.39,0.75,0
"IC Kids Gum","Kroger #217","2014/03/09",0,0,0.04,0.9,0.17,275643.48,0.72,0,0,0.04,0.03,81079.8,0,236065,0,0.02,0,0.65,0,0.96,0.5,0,0,150938.91,0.33,564195.35,0,0.85,33077.22,0.02,115332,0.95,0.96,0.96,0,0,0.33,0.15,0,75884.27,0.05,2.39,0.75,0
"IC Snack","Kroger #217","2014/03/09",0,0,0.04,0.9,0.17,216937.02,0.67,0,0,0.04,0.03,58490.2,0,103965,0,0.03,0,0.75,1,0.96,0.72,0,0,63454.73,1,227683.35,0,0.89,26032.44,0.03,99058,0.95,0.96,0.91,0,0,1,0.15,0,30623.41,0.05,2.19,0.75,0
"IC XL Bar","Kroger #201","2015/04/12",0,0,0.04,0.95,0.1,360709.3,0.61,0,0,0.06,0.05,80585.57,0,168457,0,0.02,0,0.78,1,0.96,0.77,0,0,112862.73,1,436303.63,0,0.93,43285.12,0.03,139270,0.95,0.96,0.94,0,0,1,0.12,0,58682.84,0.05,2.59,0.75,0
"IC Snack","Kroger #201","2015/04/12",0,1,0.03,0.95,0.1,108864.5,0.59,0,0,0.04,0.02,30054.81,0,58170,0,0.04,0,0.66,0,0.96,0.59,0,0,41912.87,0,139026.3,0,0.94,13063.74,0.02,45550,0.98,0.96,0.97,0,0,0,0.12,0,18699.04,0.04,2.39,0.75,0
"IC King Size","Kroger #204","2015/04/12",0,0,0.03,0.9,0.1,418827.47,0.76,0,0,0.04,0.03,83856.15,0,176676,0,0.03,0,0.75,0,0.96,0.7,0,1,118369.95,1,510593.64,0,0.89,50259.3,0.02,144923,0.95,0.93,0.9,0,0,1,0.13,0,68674.84,0.04,2.89,0.75,0
"IC Pouch","Kroger #204","2015/04/12",0,0,0.03,0.9,0.1,120864.9,0.81,0,0,0.04,0.03,25051.25,0,61007,0,0.03,0,0.75,0,0.96,0.7,0,1,30783.7,0,155567.85,0,0.88,14503.79,0.02,47398,0.95,0.95,0.95,0,0,0,0.13,0,20923.88,0.04,2.55,0.75,0
"IC Peg","Kroger #216","2015/04/12",0,0,0.04,0.9,0.12,436456.44,0.81,0,0,0.05,0.03,97507.4,0,192040,0,0.03,0,0.75,0,0.96,0.73,0,0,128662.99,1,497383.6,0,0.88,52374.77,0.02,168516,0.95,0.96,0.93,0,0,1,0.11,0,66898.09,0.05,2.59,0.75,0
"IC Giant Bar","Kroger #216","2015/04/12",0,1,0.04,0.9,0.12,131724.85,0.74,0,0,0.04,0.03,25413.6,0,66313,0,0.03,0,0.75,0,0.96,0.73,0,0,29101.59,0,158488.07,0,0.84,15806.98,0.02,55115,0.95,0.95,0.94,0,0,0,0.11,0,21316.65,0.05,2.39,0.75,0
"IC Kids Gum","Kroger #217","2015/04/12",0,0,0.04,0.9,0.17,515924.52,0.72,0,0,0.04,0.03,115448.07,0,279638,0,0.02,0,0.65,0,0.96,0.5,0,0,174168.84,1,668334.82,0,0.85,61910.94,0.02,215868,0.95,0.96,0.96,0,0,1,0.15,0,89891.03,0.05,2.39,0.75,0
"IC Snack","Kroger #217","2015/04/12",0,0,0.04,0.9,0.17,154618.38,0.67,0,0,0.04,0.03,28271.47,0,96562,0,0.03,0,0.75,0,0.96,0.72,0,0,39841.24,1,211470.78,0,0.89,18554.21,0.03,70602,0.95,0.96,0.91,0,0,0,0.15,0,28442.82,0.05,2.19,0.75,0
"IC XL Bar","Kroger #201","2014/04/13",0,0,0.04,0.95,0.1,192714.13,0.61,1,1,0.06,0.05,56594.72,0,142208,1,0.02,0,0.78,0,0.96,0.77,0,0,97809.97,0,368318.72,0,0.93,23125.7,0.03,74407,0.95,0.96,0.94,0,0,0,0.12,0,49538.87,0.05,2.59,0.75,1
"IC Snack","Kroger #201","2014/04/13",0,0,0.03,0.95,0.1,149884.07,0.59,1,1,0.04,0.02,60545.36,0,62084,1,0.04,0,0.66,0,0.96,0.59,0,0,64767.09,0,148380.76,0,0.94,17986.09,0.02,62713,0.98,0.96,0.97,0,0,0,0.12,0,19957.21,0.04,2.39,0.75,1
"IC King Size","Kroger #204","2014/04/13",0,0,0.03,0.9,0.1,223764.03,0.76,1,1,0.04,0.03,58890.22,0,149147,1,0.03,0,0.75,0,0.96,0.7,0,0,102581.97,0,431034.83,0,0.89,26851.68,0.02,77427,0.95,0.93,0.9,0,0,0,0.13,0,57974.18,0.04,2.89,0.75,1
"IC Pouch","Kroger #204","2014/04/13",0,0,0.03,0.9,0.1,166407.9,0.81,1,1,0.04,0.03,50778.09,0,65113,1,0.03,0,0.75,1,0.96,0.7,0,1,47706.73,0,166038.15,0,0.88,19968.95,0.02,65258,0.95,0.95,0.95,0,0,0,0.13,0,22332.13,0.04,2.55,0.75,1
"IC Peg","Kroger #216","2014/04/13",0,0,0.04,0.9,0.12,233182.88,0.81,1,1,0.05,0.03,68478.34,0,162117,1,0.03,0,0.75,0,0.96,0.73,0,1,111502.81,0,419883.03,0,0.88,27981.95,0.02,90032,0.95,0.96,0.93,0,1,0,0.11,0,56474.27,0.05,2.59,0.75,1
"IC Giant Bar","Kroger #216","2014/04/13",0,0,0.04,0.9,0.12,181357.98,0.74,1,1,0.04,0.03,52170.52,0,70775,1,0.03,0,0.75,0,0.96,0.73,0,0,45911.19,0,169152.25,0,0.84,21762.96,0.02,75882,0.95,0.95,0.94,0,0,0,0.11,0,22750.98,0.05,2.39,0.75,1
"IC Kids Gum","Kroger #217","2014/04/13",0,0,0.04,0.9,0.17,275638.7,0.72,1,1,0.04,0.03,81078.4,0,236065,1,0.02,1,0.65,0,0.96,0.5,0,0,150938.91,0,564195.35,0,0.85,33076.64,0.02,115330,0.95,0.96,0.96,0,0,0,0.15,0,75884.27,0.05,2.39,0.75,1
"IC Snack","Kroger #217","2014/04/13",0,0,0.04,0.9,0.17,212878.95,0.67,1,1,0.04,0.03,57289.15,1,103059,1,0.03,0,0.75,0,0.96,0.72,0,0,62725.81,0,225699.21,1,0.89,25545.47,0.03,97205,0.95,0.96,0.91,0,0,0,0.15,0,30356.54,0.05,2.19,0.75,1
"IC XL Bar","Kroger #201","2015/04/19",0,0,0.04,0.95,0.1,360704.12,0.61,1,1,0.06,0.05,80588.61,0,167172,1,0.02,0,0.78,0,0.96,0.77,0,0,112864.27,0.32,432975.48,0,0.93,43284.49,0.03,139268,0.95,0.96,0.94,0,0,0.32,0.12,0,58235.2,0.05,2.59,0.75,1
"IC Snack","Kroger #201","2015/04/19",0,0,0.03,0.95,0.1,108852.55,0.59,1,1,0.04,0.02,30049.58,0,58180,1,0.04,0,0.66,0,0.96,0.59,0,1,41929.2,0,139050.2,0,0.94,13062.31,0.02,45545,0.98,0.96,0.97,0,0,0,0.12,0,18702.25,0.04,2.39,0.75,1
"IC King Size","Kroger #204","2015/04/19",0,0,0.03,0.9,0.1,418824.58,0.76,1,1,0.04,0.03,83859.19,0,175329,1,0.03,0,0.75,0,0.96,0.7,0,1,118369.95,0,506700.81,0,0.89,50258.95,0.02,144922,0.95,0.93,0.9,0,0,0,0.13,0,68151.26,0.04,2.89,0.75,1
"IC Pouch","Kroger #204","2015/04/19",0,0,0.03,0.9,0.1,120852.15,0.81,1,1,0.04,0.03,25046.11,0,61019,1,0.03,0,0.75,0,0.96,0.7,0,0,30796.04,0,155598.45,0,0.88,14502.26,0.02,47393,0.95,0.95,0.95,0,0,0,0.13,0,20927.99,0.04,2.55,0.75,1
"IC Peg","Kroger #216","2015/04/19",0,0,0.04,0.9,0.12,436451.26,0.81,0,1,0.05,0.03,97511.96,1,190576,1,0.03,1,0.75,0,0.96,0.73,0,0,128664.53,0,493591.84,1,0.88,52374.15,0.02,168514,0.95,0.96,0.93,0,1,0,0.11,0,66388.1,0.05,2.59,0.75,1
"IC Giant Bar","Kroger #216","2015/04/19",0,0,0.04,0.9,0.12,131710.51,0.74,1,1,0.04,0.03,25408.93,0,66325,1,0.03,0,0.75,0,0.96,0.73,0,0,29113.55,0,158516.75,0,0.84,15805.26,0.02,55109,0.95,0.95,0.94,0,0,0,0.11,0,21320.5,0.05,2.39,0.75,1
"IC Kids Gum","Kroger #217","2015/04/19",0,0,0.04,0.9,0.17,515917.35,0.72,1,1,0.04,0.03,115452.28,0,277505,1,0.02,1,0.65,1,0.96,0.5,0,0,174171.69,0,663236.95,0,0.85,61910.08,0.02,215865,0.95,0.96,0.96,0,0,0,0.15,0,89205.37,0.05,2.39,0.75,1
"IC Snack","Kroger #217","2015/04/19",0,0,0.04,0.9,0.17,154600.86,0.67,1,1,0.04,0.03,28266.29,0,96578,1,0.03,0,0.75,1,0.96,0.72,0,1,39857.32,0,211505.82,0,0.89,18552.1,0.03,70594,0.95,0.96,0.91,0,0,0,0.15,0,28447.53,0.05,2.19,0.75,1
"IC XL Bar","Kroger #201","2014/04/20",0,1,0.04,0.95,0.1,192729.67,0.61,0,0,0.06,0.05,56596.25,0,142208,0,0.02,0,0.78,1,0.96,0.77,0,0,97809.97,1,368318.72,0,0.93,23127.56,0.03,74413,0.95,0.96,0.94,0,0,1,0.12,0,49538.87,0.05,2.59,0.75,0
"IC Snack","Kroger #201","2014/04/20",0,0,0.03,0.95,0.1,152527.41,0.59,0,0,0.04,0.02,61704.15,0,63180,0,0.04,0,0.66,0,0.96,0.59,0,1,66046.78,0,151000.2,0,0.94,18303.29,0.02,63819,0.98,0.96,0.97,0,0,0,0.12,0,20309.53,0.04,2.39,0.75,0
"IC King Size","Kroger #204","2014/04/20",0,0,0.03,0.9,0.1,223781.37,0.76,0,0,0.04,0.03,58893.26,0,149147,0,0.03,0,0.75,0,0.96,0.7,0,1,102581.97,1,431034.83,0,0.89,26853.76,0.02,77433,0.95,0.93,0.9,0,0,1,0.13,0,57974.18,0.04,2.89,0.75,0
"IC Pouch","Kroger #204","2014/04/20",0,0,0.03,0.9,0.1,169342.95,0.81,0,0,0.04,0.03,51763.35,0,66263,0,0.03,0,0.75,0,0.96,0.7,0,0,48653.8,0,168970.65,0,0.88,20321.15,0.02,66409,0.95,0.95,0.95,0,0,0,0.13,0,22726.55,0.04,2.55,0.75,0
"IC Peg","Kroger #216","2014/04/20",0,1,0.04,0.9,0.12,233201.01,0.81,0,0,0.05,0.03,68481.38,0,162117,0,0.03,0,0.75,1,0.96,0.73,0,0,111502.81,0,419883.03,0,0.88,27984.12,0.02,90039,0.95,0.96,0.93,0,0,1,0.11,0,56474.27,0.05,2.59,0.75,0
"IC Giant Bar","Kroger #216","2014/04/20",0,0,0.04,0.9,0.12,184555.8,0.74,0,0,0.04,0.03,53212.48,0,72025,0,0.03,0,0.75,0,0.96,0.73,0,0,46846.88,0,172139.75,0,0.84,22146.7,0.02,77220,0.95,0.95,0.94,0,0,0,0.11,0,23152.8,0.05,2.39,0.75,0
"IC Kids Gum","Kroger #217","2014/04/20",0,0,0.04,0.9,0.17,275662.6,0.72,0,0,0.04,0.03,81079.8,0,236065,0,0.02,0,0.65,0,0.96,0.5,0,0,150938.91,1,564195.35,0,0.85,33079.51,0.02,115340,0.95,0.96,0.96,0,0,1,0.15,0,75884.27,0.05,2.39,0.75,0
"IC Snack","Kroger #217","2014/04/20",0,0,0.04,0.9,0.17,216632.61,0.67,0,0,0.04,0.03,58400.52,0,104878,0,0.03,1,0.75,0,0.96,0.72,0,0,64000.35,0,229682.82,0,0.89,25995.91,0.03,98919,0.95,0.96,0.91,1,0,0,0.15,0,30892.34,0.05,2.19,0.75,0
"IC XL Bar","Kroger #201","2015/04/26",0,0,0.04,0.95,0.1,360709.3,0.61,0,0,0.06,0.05,80585.57,0,188938,0,0.02,0,0.78,0,0.96,0.77,0,1,122618.56,0.33,489349.42,0,0.93,43285.12,0.03,139270,0.95,0.96,0.94,0,0,0.33,0.12,0,65817.5,0.05,2.59,0.75,0
"IC Snack","Kroger #201","2015/04/26",0,0,0.03,0.95,0.1,108859.72,0.59,0,0,0.04,0.02,30052.71,0,135329,0,0.04,0,0.66,1,0.96,0.59,0,0,87999.78,1,323436.31,0,0.94,13063.17,0.02,45548,0.98,0.96,0.97,0,0,1,0.12,0,43502.18,0.04,2.39,0.75,0
"IC King Size","Kroger #204","2015/04/26",0,1,0.03,0.9,0.1,418827.47,0.76,0,0,0.04,0.03,83856.15,0,198157,0,0.03,0,0.75,0,0.96,0.7,0,0,128601.6,0,572673.73,0,0.89,50259.3,0.02,144923,0.95,0.93,0.9,0,0,0,0.13,0,77024.62,0.04,2.89,0.75,0
"IC Pouch","Kroger #204","2015/04/26",0,0,0.03,0.9,0.1,120862.35,0.81,0,0,0.04,0.03,25048.68,0,141933,0,0.03,0,0.75,1,0.96,0.7,0,0,64561.37,1,361929.15,0,0.88,14503.48,0.02,47397,0.95,0.95,0.95,0,0,1,0.13,0,48679.47,0.04,2.55,0.75,0
"IC Peg","Kroger #216","2015/04/26",0,0,0.04,0.9,0.12,436456.44,0.81,0,0,0.05,0.03,97507.4,0,215389,0,0.03,0,0.75,0,0.96,0.73,0,0,139784.88,0,557857.51,0,0.88,52374.77,0.02,168516,0.95,0.96,0.93,0,0,0,0.11,0,75031.84,0.05,2.59,0.75,0
"IC Giant Bar","Kroger #216","2015/04/26",0,0,0.04,0.9,0.12,131720.07,0.74,0,0,0.04,0.03,25411.26,0,154275,0,0.03,1,0.75,0,0.96,0.73,0,0,60590.63,1,368717.25,0,0.84,15806.41,0.02,55113,0.95,0.95,0.94,0,0,1,0.11,0,49592.47,0.05,2.39,0.75,0
"IC Kids Gum","Kroger #217","2015/04/26",0,0,0.04,0.9,0.17,515924.52,0.72,0,0,0.04,0.03,115448.07,0,313637,0,0.02,0,0.65,0,0.96,0.5,0,1,189224.06,0,749592.43,0,0.85,61910.94,0.02,215868,0.95,0.96,0.96,0,0,0,0.15,0,100820.18,0.05,2.39,0.75,0
"IC Snack","Kroger #217","2015/04/26",0,0,0.04,0.9,0.17,154611.81,0.67,0,0,0.04,0.03,28269.53,0,224646,0,0.03,0,0.75,0,0.96,0.72,0,0,83020.9,1,491974.74,0,0.89,18553.42,0.03,70599,0.95,0.96,0.91,0,0,1,0.15,0,66170.6,0.05,2.19,0.75,0
"IC XL Bar","Kroger #201","2014/04/27",0,0,0.04,0.95,0.1,192714.13,0.61,0,1,0.06,0.05,56594.72,0,142211,1,0.02,0,0.78,0,0.96,0.77,0,1,97809.97,0,368326.49,0,0.93,23125.7,0.03,74407,0.95,0.96,0.94,0,0,0,0.12,0,49539.91,0.05,2.59,0.75,1
"IC Snack","Kroger #201","2014/04/27",0,0,0.03,0.95,0.1,153416.49,0.59,1,1,0.04,0.02,62092.63,0,63549,1,0.04,0,0.66,1,0.96,0.59,0,1,66475.84,0,151882.11,0,0.94,18409.98,0.02,64191,0.98,0.96,0.97,0,0,0,0.12,0,20428.14,0.04,2.39,0.75,1
"IC King Size","Kroger #204","2014/04/27",0,0,0.03,0.9,0.1,223764.03,0.76,1,1,0.04,0.03,58890.22,1,149150,1,0.03,0,0.75,0,0.96,0.7,0,0,102581.97,0,431043.5,1,0.89,26851.68,0.02,77427,0.95,0.93,0.9,0,0,0,0.13,0,57975.35,0.04,2.89,0.75,1
"IC Pouch","Kroger #204","2014/04/27",0,0,0.03,0.9,0.1,170332.35,0.81,1,1,0.04,0.03,52093.62,0,66649,1,0.03,1,0.75,0,0.96,0.7,0,0,48970.39,0,169954.95,0,0.88,20439.88,0.02,66797,0.95,0.95,0.95,0,0,0,0.13,0,22858.94,0.04,2.55,0.75,1
"IC Peg","Kroger #216","2014/04/27",0,0,0.04,0.9,0.12,233182.88,0.81,1,1,0.05,0.03,68478.34,0,162120,1,0.03,0,0.75,0,0.96,0.73,0,0,111502.81,0,419890.8,0,0.88,27981.95,0.02,90032,0.95,0.96,0.93,0,0,0,0.11,0,56475.31,0.05,2.59,0.75,1
"IC Giant Bar","Kroger #216","2014/04/27",0,0,0.04,0.9,0.12,185633.69,0.74,1,1,0.04,0.03,53561.41,0,72445,1,0.03,1,0.75,0,0.96,0.73,0,0,47159.84,0,173143.55,0,0.84,22276.04,0.02,77671,0.95,0.95,0.94,0,0,0,0.11,0,23287.81,0.05,2.39,0.75,0
"IC Kids Gum","Kroger #217","2014/04/27",0,0,0.04,0.9,0.17,275638.7,0.72,1,1,0.04,0.03,81078.4,0,236070,1,0.02,0,0.65,0,0.96,0.5,0,1,150938.91,0,564207.3,0,0.85,33076.64,0.02,115330,0.95,0.96,0.96,0,0,0,0.15,0,75885.88,0.05,2.39,0.75,1
"IC Snack","Kroger #217","2014/04/27",1,0,0.04,0.9,0.17,217896.24,0.67,1,1,0.04,0.03,58773.15,0,105491,1,0.03,0,0.75,0,0.96,0.72,0,0,64427.51,0,231025.29,0,0.89,26147.55,0.03,99496,0.95,0.96,0.91,0,0,0,0.15,0,31072.9,0.05,2.19,0.75,1
"IC XL Bar","Kroger #201","2015/04/05",0,0,0.04,0.95,0.1,360717.07,0.61,1,1,0.06,0.05,80590.13,0,126573,1,0.02,0,0.78,0,0.96,0.77,0,0,112853.52,0,327824.07,0,0.93,43286.05,0.03,139273,0.95,0.96,0.94,0,0,0,0.12,0,44092.34,0.05,2.59,0.75,1
"IC Snack","Kroger #201","2015/04/05",0,0,0.03,0.95,0.1,108852.55,0.59,1,1,0.04,0.02,30049.58,0,141115,1,0.04,0,0.66,0,0.96,0.59,0,0,95769.21,0,337264.85,0,0.94,13062.31,0.02,45545,0.98,0.96,0.97,0,0,0,0.12,0,45362.12,0.04,2.39,0.75,0
"IC King Size","Kroger #204","2015/04/05",0,0,0.03,0.9,0.1,418839.03,0.76,1,1,0.04,0.03,83860.71,0,132749,1,0.03,0,0.75,0,0.96,0.7,0,0,118359.21,0,383644.61,0,0.89,50260.68,0.02,144927,0.95,0.93,0.9,0,0,0,0.13,0,51600.2,0.04,2.89,0.75,1
"IC Pouch","Kroger #204","2015/04/05",0,0,0.03,0.9,0.1,120852.15,0.81,1,1,0.04,0.03,25046.11,0,148001,1,0.03,0,0.75,0,0.96,0.7,0,0,70292.77,0,377402.55,0,0.88,14502.26,0.02,47393,0.95,0.95,0.95,0,0,0,0.13,0,50760.64,0.04,2.55,0.75,1
"IC Peg","Kroger #216","2015/04/05",0,0,0.04,0.9,0.12,436466.8,0.81,1,1,0.05,0.03,97513.48,0,144293,1,0.03,0,0.75,0,0.96,0.73,0,1,128652.25,0,373718.87,0,0.88,52376.02,0.02,168520,0.95,0.96,0.93,0,0,0,0.11,0,50265.19,0.05,2.59,0.75,1
"IC Giant Bar","Kroger #216","2015/04/05",0,0,0.04,0.9,0.12,131710.51,0.74,1,1,0.04,0.03,25408.93,0,160871,1,0.03,0,0.75,1,0.96,0.73,0,1,66150.28,0,384481.69,0,0.84,15805.26,0.02,55109,0.95,0.95,0.94,0,0,0,0.11,0,51712.79,0.05,2.39,0.75,1
"IC Kids Gum","Kroger #217","2015/04/05",0,0,0.04,0.9,0.17,515936.47,0.72,1,1,0.04,0.03,115453.69,0,210111,1,0.02,0,0.65,0,0.96,0.5,0,0,174154.57,0,502165.29,0,0.85,61912.38,0.02,215873,0.95,0.96,0.96,0,0,0,0.15,0,67541.23,0.05,2.39,0.75,1
"IC Snack","Kroger #217","2015/04/05",0,0,0.04,0.9,0.17,154600.86,0.67,1,1,0.04,0.03,28266.29,0,234250,1,0.03,1,0.75,0,0.96,0.72,0,0,90609.93,0,513007.5,0,0.89,18552.1,0.03,70594,0.95,0.96,0.91,0,0,0,0.15,0,68999.51,0.05,2.19,0.75,1
"IC XL Bar","Kroger #201","2014/04/06",0,0,0.04,0.95,0.1,192706.36,0.61,0,0,0.06,0.05,56594.72,0,142209,0,0.02,0,0.78,0,0.96,0.77,0,0,97809.97,0,368321.31,0,0.93,23124.76,0.03,74404,0.95,0.96,0.94,0,0,0,0.12,0,49539.22,0.05,2.59,0.75,0
"IC Snack","Kroger #201","2014/04/06",0,0,0.03,0.95,0.1,149891.24,0.59,0,0,0.04,0.02,60549.86,0,62088,0,0.04,0,0.66,0,0.96,0.59,0,0,64773.4,0,148390.32,0,0.94,17986.95,0.02,62716,0.98,0.96,0.97,0,0,1,0.12,0,19958.5,0.04,2.39,0.75,0
"IC King Size","Kroger #204","2014/04/06",0,0,0.03,0.9,0.1,223755.36,0.76,0,0,0.04,0.03,58890.22,0,149148,0,0.03,0,0.75,0,0.96,0.7,0,0,102581.97,0,431037.72,0,0.89,26850.64,0.02,77424,0.95,0.93,0.9,0,0,0,0.13,0,57974.57,0.04,2.89,0.75,0
"IC Pouch","Kroger #204","2014/04/06",0,1,0.03,0.9,0.1,166415.55,0.81,0,0,0.04,0.03,50781.35,0,65117,0,0.03,0,0.75,0,0.96,0.7,0,0,47711.22,0,166048.35,0,0.88,19969.87,0.02,65261,0.95,0.95,0.95,0,0,1,0.13,0,22333.5,0.04,2.55,0.75,0
"IC Peg","Kroger #216","2014/04/06",0,0,0.04,0.9,0.12,233172.52,0.81,0,0,0.05,0.03,68478.34,0,162118,0,0.03,0,0.75,0,0.96,0.73,0,1,111502.81,0,419885.62,0,0.88,27980.7,0.02,90028,0.95,0.96,0.93,0,0,0,0.11,0,56474.62,0.05,2.59,0.75,0
"IC Giant Bar","Kroger #216","2014/04/06",0,0,0.04,0.9,0.12,181367.54,0.74,0,0,0.04,0.03,52175.43,0,70780,0,0.03,0,0.75,0,0.96,0.73,0,1,45916.25,1,169164.2,0,0.84,21764.1,0.02,75886,0.95,0.95,0.94,0,0,1,0.11,0,22752.58,0.05,2.39,0.75,0
"IC Kids Gum","Kroger #217","2014/04/06",0,0,0.04,0.9,0.17,275629.14,0.72,0,0,0.04,0.03,81078.4,0,236066,0,0.02,0,0.65,1,0.96,0.5,0,0,150938.91,1,564197.74,0,0.85,33075.5,0.02,115326,0.95,0.96,0.96,0,0,0,0.15,0,75884.6,0.05,2.39,0.75,0
"IC Snack","Kroger #217","2014/04/06",0,1,0.04,0.9,0.17,212887.71,0.67,0,0,0.04,0.03,57293.94,0,103066,0,0.03,0,0.75,0,0.96,0.72,0,0,62732.52,1,225714.54,0,0.89,25546.53,0.03,97209,0.95,0.96,0.91,0,0,1,0.15,0,30358.61,0.05,2.19,0.75,0